"dataset_name","groupKeys","id","model_name","name","noise_std","test_best_historical_mse","test_best_historical_mse_Target_Bitcoin","test_best_historical_mse_Target_Ethereum"
"crypto","group-inrplay_deeptime_crypto_in105_out15_noise_laplace_std1.0_vsparsity_benchmarking","gn8ocqw8","inrplay_deeptime","inrplay_deeptime_crypto_in105_out15_noise_laplace_std1.0_vsparsity_benchmarking_seed1356038","1","0.28726976057176434","0.28726976057176434","undefined"
"crypto","group-inrplay_deeptime_crypto_in105_out15_noise_laplace_std1.0_vsparsity_benchmarking","dp7s5r8j","inrplay_deeptime","inrplay_deeptime_crypto_in105_out15_noise_laplace_std1.0_vsparsity_benchmarking_seed1356039","1","0.38459158469595006","undefined","0.38459158469595006"
"crypto","group-inrplay_deeptime_crypto_in105_out15_noise_laplace_std0.5_vsparsity_benchmarking","rgjd6uld","inrplay_deeptime","inrplay_deeptime_crypto_in105_out15_noise_laplace_std0.5_vsparsity_benchmarking_seed1356038","0.5","0.2587620069931905","0.2587620069931905","undefined"
"crypto","group-inrplay_deeptime_crypto_in105_out15_noise_laplace_std0.5_vsparsity_benchmarking","iq6d5nxj","inrplay_deeptime","inrplay_deeptime_crypto_in105_out15_noise_laplace_std0.5_vsparsity_benchmarking_seed1356039","0.5","0.34411427694081886","undefined","0.34411427694081886"
"crypto","group-inrplay_deeptime_crypto_in105_out15_noise_laplace_std0_vsparsity_benchmarking","boambl12","inrplay_deeptime","inrplay_deeptime_crypto_in105_out15_noise_laplace_std0_vsparsity_benchmarking_seed1356038","0","0.21438486162720197","0.21438486162720197","undefined"
"crypto","group-inrplay_deeptime_crypto_in105_out15_noise_laplace_std0_vsparsity_benchmarking","n6610ggp","inrplay_deeptime","inrplay_deeptime_crypto_in105_out15_noise_laplace_std0_vsparsity_benchmarking_seed1356039","0","0.3122276800671228","undefined","0.3122276800671228"
"crypto","group-inrplay_deeptime_crypto_in105_out15_noise_laplace_std1.0_vsparsity_benchmarking","e1n28sss","inrplay_deeptime","inrplay_deeptime_crypto_in105_out15_noise_laplace_std1.0_vsparsity_benchmarking_seed1356037","1","0.3214498377192472","0.3214498377192472","undefined"
"crypto","group-inrplay_deeptime_crypto_in105_out15_noise_laplace_std1.0_vsparsity_benchmarking","qmawbrjr","inrplay_deeptime","inrplay_deeptime_crypto_in105_out15_noise_laplace_std1.0_vsparsity_benchmarking_seed1356038","1","0.4291979985616689","undefined","0.4291979985616689"
"crypto","group-inrplay_deeptime_crypto_in105_out15_noise_laplace_std0.5_vsparsity_benchmarking","ehhzmv7c","inrplay_deeptime","inrplay_deeptime_crypto_in105_out15_noise_laplace_std0.5_vsparsity_benchmarking_seed1356037","0.5","0.2791513937142498","0.2791513937142498","undefined"
"crypto","group-inrplay_deeptime_crypto_in105_out15_noise_laplace_std0.5_vsparsity_benchmarking","wqxjdg9f","inrplay_deeptime","inrplay_deeptime_crypto_in105_out15_noise_laplace_std0.5_vsparsity_benchmarking_seed1356038","0.5","0.3797694054539024","undefined","0.3797694054539024"
"crypto","group-inrplay_deeptime_crypto_in105_out15_noise_laplace_std0_vsparsity_benchmarking","6g02vtt1","inrplay_deeptime","inrplay_deeptime_crypto_in105_out15_noise_laplace_std0_vsparsity_benchmarking_seed1356038","0","0.30800058219143595","undefined","0.30800058219143595"
"etth2","group-inrplay_deeptime_etth2_in288_out96_noise_laplace_std1.0_vsparsity_benchmarking","lt5r6n2y","inrplay_deeptime","inrplay_deeptime_etth2_in288_out96_noise_laplace_std1.0_vsparsity_benchmarking_seed1356036","1","0.16453252164557997","undefined","undefined"
"crypto","group-inrplay_deeptime_crypto_in105_out15_noise_laplace_std1.0_vsparsity_benchmarking","w1sl6roc","inrplay_deeptime","inrplay_deeptime_crypto_in105_out15_noise_laplace_std1.0_vsparsity_benchmarking_seed1356037","1","0.3907689849881773","undefined","0.3907689849881773"
"etth2","group-inrplay_deeptime_etth2_in288_out96_noise_laplace_std0.5_vsparsity_benchmarking","zt7tpx2q","inrplay_deeptime","inrplay_deeptime_etth2_in288_out96_noise_laplace_std0.5_vsparsity_benchmarking_seed1356036","0.5","0.14756054449613626","undefined","undefined"
"crypto","group-inrplay_deeptime_crypto_in105_out15_noise_laplace_std0_vsparsity_benchmarking","wi65t7ew","inrplay_deeptime","inrplay_deeptime_crypto_in105_out15_noise_laplace_std0_vsparsity_benchmarking_seed1356037","0","0.20821600316081296","0.20821600316081296","undefined"
"etth2","group-inrplay_deeptime_etth2_in288_out96_noise_laplace_std0_vsparsity_benchmarking","avat06fh","inrplay_deeptime","inrplay_deeptime_etth2_in288_out96_noise_laplace_std0_vsparsity_benchmarking_seed1356036","0","0.1315145629888086","undefined","undefined"
"crypto","group-inrplay_deeptime_crypto_in105_out15_noise_laplace_std0.5_vsparsity_benchmarking","dv96411s","inrplay_deeptime","inrplay_deeptime_crypto_in105_out15_noise_laplace_std0.5_vsparsity_benchmarking_seed1356037","0.5","0.3479183705606413","undefined","0.3479183705606413"
"crypto","group-inrplay_deeptime_crypto_in105_out15_noise_laplace_std1.0_vsparsity_benchmarking","rl6d6xi7","inrplay_deeptime","inrplay_deeptime_crypto_in105_out15_noise_laplace_std1.0_vsparsity_benchmarking_seed1356036","1","0.2816814493390419","0.2816814493390419","undefined"
"etth2","group-inrplay_deeptime_etth2_in288_out96_noise_laplace_std1.0_vsparsity_benchmarking","xelfietl","inrplay_deeptime","inrplay_deeptime_etth2_in288_out96_noise_laplace_std1.0_vsparsity_benchmarking_seed1356035","1","0.16716747492037673","undefined","undefined"
"etth2","group-inrplay_deeptime_etth2_in288_out96_noise_laplace_std0.5_vsparsity_benchmarking","xztvx3t2","inrplay_deeptime","inrplay_deeptime_etth2_in288_out96_noise_laplace_std0.5_vsparsity_benchmarking_seed1356035","0.5","0.14815875382018834","undefined","undefined"
"crypto","group-inrplay_deeptime_crypto_in105_out15_noise_laplace_std0.5_vsparsity_benchmarking","p2sy4gsx","inrplay_deeptime","inrplay_deeptime_crypto_in105_out15_noise_laplace_std0.5_vsparsity_benchmarking_seed1356036","0.5","0.25628200621013575","0.25628200621013575","undefined"
"etth2","group-inrplay_deeptime_etth2_in288_out96_noise_laplace_std0_vsparsity_benchmarking","4f0532s5","inrplay_deeptime","inrplay_deeptime_etth2_in288_out96_noise_laplace_std0_vsparsity_benchmarking_seed1356035","0","0.13307770540865996","undefined","undefined"
"traffic","group-inrplay_deeptime_traffic_in672_out96_noise_laplace_std1.0_vsparsity_benchmarking","o5z6t45i","inrplay_deeptime","inrplay_deeptime_traffic_in672_out96_noise_laplace_std1.0_vsparsity_benchmarking_seed1356037","1","0.17442284693336454","undefined","undefined"
"traffic","group-inrplay_deeptime_traffic_in672_out96_noise_laplace_std0.5_vsparsity_benchmarking","m3x8v69j","inrplay_deeptime","inrplay_deeptime_traffic_in672_out96_noise_laplace_std0.5_vsparsity_benchmarking_seed1356037","0.5","0.13470615181800127","undefined","undefined"
"traffic","group-inrplay_deeptime_traffic_in672_out96_noise_laplace_std0_vsparsity_benchmarking","tjxk347m","inrplay_deeptime","inrplay_deeptime_traffic_in672_out96_noise_laplace_std0_vsparsity_benchmarking_seed1356037","0","0.11455217691839416","undefined","undefined"
"etth2","group-inrplay_deeptime_etth2_in288_out96_noise_laplace_std1.0_vsparsity_benchmarking","6jmgq3v5","inrplay_deeptime","inrplay_deeptime_etth2_in288_out96_noise_laplace_std1.0_vsparsity_benchmarking_seed1356034","1","0.17516593344376025","undefined","undefined"
"exchange_rate","group-inrplay_deeptime_exchange_rate_in288_out96_noise_laplace_std1.0_vsparsity_benchmarking","5zh8kou5","inrplay_deeptime","inrplay_deeptime_exchange_rate_in288_out96_noise_laplace_std1.0_vsparsity_benchmarking_seed1356035","1","0.1158513568822056","undefined","undefined"
"traffic","group-inrplay_deeptime_traffic_in672_out96_noise_laplace_std1.0_vsparsity_benchmarking","780l5jra","inrplay_deeptime","inrplay_deeptime_traffic_in672_out96_noise_laplace_std1.0_vsparsity_benchmarking_seed1356036","1","0.18221490479699165","undefined","undefined"
"exchange_rate","group-inrplay_deeptime_exchange_rate_in288_out96_noise_laplace_std0.5_vsparsity_benchmarking","okxa9wyx","inrplay_deeptime","inrplay_deeptime_exchange_rate_in288_out96_noise_laplace_std0.5_vsparsity_benchmarking_seed1356035","0.5","0.1052236207243697","undefined","undefined"
"exchange_rate","group-inrplay_deeptime_exchange_rate_in288_out96_noise_laplace_std0_vsparsity_benchmarking","lalun4o8","inrplay_deeptime","inrplay_deeptime_exchange_rate_in288_out96_noise_laplace_std0_vsparsity_benchmarking_seed1356035","0","0.08915569560204491","undefined","undefined"
"traffic","group-inrplay_deeptime_traffic_in672_out96_noise_laplace_std0.5_vsparsity_benchmarking","ups9uc1b","inrplay_deeptime","inrplay_deeptime_traffic_in672_out96_noise_laplace_std0.5_vsparsity_benchmarking_seed1356036","0.5","0.14483591911069285","undefined","undefined"
"exchange_rate","group-inrplay_deeptime_exchange_rate_in288_out96_noise_laplace_std1.0_vsparsity_benchmarking","cluy670q","inrplay_deeptime","inrplay_deeptime_exchange_rate_in288_out96_noise_laplace_std1.0_vsparsity_benchmarking_seed1356034","1","0.14092048981809743","undefined","undefined"
"etth2","group-inrplay_deeptime_etth2_in288_out96_noise_laplace_std0.5_vsparsity_benchmarking","2g0m0xtf","inrplay_deeptime","inrplay_deeptime_etth2_in288_out96_noise_laplace_std0.5_vsparsity_benchmarking_seed1356034","0.5","0.15392413844687342","undefined","undefined"
"traffic","group-inrplay_deeptime_traffic_in672_out96_noise_laplace_std0_vsparsity_benchmarking","0gfswnlo","inrplay_deeptime","inrplay_deeptime_traffic_in672_out96_noise_laplace_std0_vsparsity_benchmarking_seed1356036","0","0.11493435755603412","undefined","undefined"
"exchange_rate","group-inrplay_deeptime_exchange_rate_in288_out96_noise_laplace_std0.5_vsparsity_benchmarking","i1418l85","inrplay_deeptime","inrplay_deeptime_exchange_rate_in288_out96_noise_laplace_std0.5_vsparsity_benchmarking_seed1356034","0.5","0.12712278561459353","undefined","undefined"
"traffic","group-inrplay_deeptime_traffic_in672_out96_noise_laplace_std1.0_vsparsity_benchmarking","j4u69nbt","inrplay_deeptime","inrplay_deeptime_traffic_in672_out96_noise_laplace_std1.0_vsparsity_benchmarking_seed1356035","1","0.18427253086714637","undefined","undefined"
"exchange_rate","group-inrplay_deeptime_exchange_rate_in288_out96_noise_laplace_std0_vsparsity_benchmarking","e0mxacju","inrplay_deeptime","inrplay_deeptime_exchange_rate_in288_out96_noise_laplace_std0_vsparsity_benchmarking_seed1356034","0","0.09993058055838087","undefined","undefined"
"exchange_rate","group-inrplay_deeptime_exchange_rate_in288_out96_noise_laplace_std1.0_vsparsity_benchmarking","s9zvhgea","inrplay_deeptime","inrplay_deeptime_exchange_rate_in288_out96_noise_laplace_std1.0_vsparsity_benchmarking_seed1356033","1","0.24781116274437348","undefined","undefined"
"traffic","group-inrplay_deeptime_traffic_in672_out96_noise_laplace_std0.5_vsparsity_benchmarking","f1xp7hvo","inrplay_deeptime","inrplay_deeptime_traffic_in672_out96_noise_laplace_std0.5_vsparsity_benchmarking_seed1356035","0.5","0.1461817133013237","undefined","undefined"
"crypto","group-inrplay_deeptime_crypto_in105_out15_noise_laplace_std0_vsparsity_benchmarking","9zet2koe","inrplay_deeptime","inrplay_deeptime_crypto_in105_out15_noise_laplace_std0_vsparsity_benchmarking_seed1356037","0","0.2837140224552751","undefined","0.2837140224552751"
"exchange_rate","group-inrplay_deeptime_exchange_rate_in288_out96_noise_laplace_std0.5_vsparsity_benchmarking","m75ea4dh","inrplay_deeptime","inrplay_deeptime_exchange_rate_in288_out96_noise_laplace_std0.5_vsparsity_benchmarking_seed1356033","0.5","0.10896515397897666","undefined","undefined"
"crypto","group-inrplay_deeptime_crypto_in105_out15_noise_laplace_std0_vsparsity_benchmarking","n5mpd0tf","inrplay_deeptime","inrplay_deeptime_crypto_in105_out15_noise_laplace_std0_vsparsity_benchmarking_seed1356036","0","0.2139110328596702","0.2139110328596702","undefined"
"traffic","group-inrplay_deeptime_traffic_in672_out96_noise_laplace_std0_vsparsity_benchmarking","ukk4h19g","inrplay_deeptime","inrplay_deeptime_traffic_in672_out96_noise_laplace_std0_vsparsity_benchmarking_seed1356035","0","0.11631210765818464","undefined","undefined"
"etth2","group-inrplay_deeptime_etth2_in288_out96_noise_laplace_std0_vsparsity_benchmarking","nmij3s3o","inrplay_deeptime","inrplay_deeptime_etth2_in288_out96_noise_laplace_std0_vsparsity_benchmarking_seed1356034","0","0.13516109394465653","undefined","undefined"
"exchange_rate","group-inrplay_deeptime_exchange_rate_in288_out96_noise_laplace_std0_vsparsity_benchmarking","s9r63jyv","inrplay_deeptime","inrplay_deeptime_exchange_rate_in288_out96_noise_laplace_std0_vsparsity_benchmarking_seed1356033","0","0.08806383982129805","undefined","undefined"
"crypto","group-mixture_experts_deeptime_crypto_in105_out15_K45_noise_laplace_std1.0_vsparsity_benchmarking_Bitcoin_prct0.1","540z4g3g","mixture_experts_deeptime","mixture_experts_deeptime_crypto_in105_out15_K45_noise_laplace_std1.0_vsparsity_benchmarking_Bitcoin_prct0.1_seed1356004","1","0.28274343007386965","0.28274343007386965","undefined"
"traffic","group-omp_deeptime_traffic_in672_out96_nonzero105_noise_laplace_std1.0_vsparsity_benchmarking","yn481tw4","omp_deeptime","omp_deeptime_traffic_in672_out96_nonzero105_noise_laplace_std1.0_vsparsity_benchmarking_seed1355538_tol1e-3","1","0.1972946915103375","undefined","undefined"
"crypto","group-mixture_experts_deeptime_crypto_in105_out15_K45_noise_laplace_std0.5_vsparsity_benchmarking_Bitcoin_prct0.1","sbi1u24e","mixture_experts_deeptime","mixture_experts_deeptime_crypto_in105_out15_K45_noise_laplace_std0.5_vsparsity_benchmarking_Bitcoin_prct0.1_seed1356004","0.5","0.260992003537277","0.260992003537277","undefined"
"crypto","group-mixture_experts_deeptime_crypto_in105_out15_K45_noise_laplace_std0_vsparsity_benchmarking_Bitcoin_prct0.1","boyyqlvd","mixture_experts_deeptime","mixture_experts_deeptime_crypto_in105_out15_K45_noise_laplace_std0_vsparsity_benchmarking_Bitcoin_prct0.1_seed1356004","0","0.22676977511754065","0.22676977511754065","undefined"
"crypto","group-mixture_experts_deeptime_crypto_in105_out15_K45_noise_laplace_std1.0_vsparsity_benchmarking_Bitcoin_prct0.1","shzppn52","mixture_experts_deeptime","mixture_experts_deeptime_crypto_in105_out15_K45_noise_laplace_std1.0_vsparsity_benchmarking_Bitcoin_prct0.1_seed1356003","1","0.28507157831417135","0.28507157831417135","undefined"
"crypto","group-mixture_experts_deeptime_crypto_in105_out15_K45_noise_laplace_std0.5_vsparsity_benchmarking_Bitcoin_prct0.1","5se37j43","mixture_experts_deeptime","mixture_experts_deeptime_crypto_in105_out15_K45_noise_laplace_std0.5_vsparsity_benchmarking_Bitcoin_prct0.1_seed1356003","0.5","0.2592752430781589","0.2592752430781589","undefined"
"traffic","group-omp_deeptime_traffic_in672_out96_nonzero105_noise_laplace_std0.5_vsparsity_benchmarking","mnyan1s3","omp_deeptime","omp_deeptime_traffic_in672_out96_nonzero105_noise_laplace_std0.5_vsparsity_benchmarking_seed1355538_tol1e-3","0.5","0.1498794430163901","undefined","undefined"
"crypto","group-mixture_experts_deeptime_crypto_in105_out15_K45_noise_laplace_std0_vsparsity_benchmarking_Bitcoin_prct0.1","r8rab0xt","mixture_experts_deeptime","mixture_experts_deeptime_crypto_in105_out15_K45_noise_laplace_std0_vsparsity_benchmarking_Bitcoin_prct0.1_seed1356003","0","0.22106971428207692","0.22106971428207692","undefined"
"crypto","group-mixture_experts_deeptime_crypto_in105_out15_K45_noise_laplace_std1.0_vsparsity_benchmarking_Bitcoin_prct0.1","rggl3i8j","mixture_experts_deeptime","mixture_experts_deeptime_crypto_in105_out15_K45_noise_laplace_std1.0_vsparsity_benchmarking_Bitcoin_prct0.1_seed1356002","1","0.27607361770222155","0.27607361770222155","undefined"
"crypto","group-mixture_experts_deeptime_crypto_in105_out15_K45_noise_laplace_std0.5_vsparsity_benchmarking_Bitcoin_prct0.1","nxgpa67n","mixture_experts_deeptime","mixture_experts_deeptime_crypto_in105_out15_K45_noise_laplace_std0.5_vsparsity_benchmarking_Bitcoin_prct0.1_seed1356002","0.5","0.2496975767361812","0.2496975767361812","undefined"
"crypto","group-mixture_experts_deeptime_crypto_in105_out15_K45_noise_laplace_std0_vsparsity_benchmarking_Bitcoin_prct0.1","i32geubs","mixture_experts_deeptime","mixture_experts_deeptime_crypto_in105_out15_K45_noise_laplace_std0_vsparsity_benchmarking_Bitcoin_prct0.1_seed1356002","0","0.23038161112621944","0.23038161112621944","undefined"
"crypto","group-mixture_experts_deeptime_crypto_in105_out15_K45_noise_laplace_std1.0_vsparsity_benchmarking_Bitcoin_prct0.1","fbwyd74d","mixture_experts_deeptime","mixture_experts_deeptime_crypto_in105_out15_K45_noise_laplace_std1.0_vsparsity_benchmarking_Bitcoin_prct0.1_seed1356001","1","0.271701200480427","0.271701200480427","undefined"
"traffic","group-omp_deeptime_traffic_in672_out96_nonzero105_noise_laplace_std0_vsparsity_benchmarking","42yd86pe","omp_deeptime","omp_deeptime_traffic_in672_out96_nonzero105_noise_laplace_std0_vsparsity_benchmarking_seed1355538_tol1e-3","0","0.11814010041680084","undefined","undefined"
"crypto","group-mixture_experts_deeptime_crypto_in105_out15_K45_noise_laplace_std0.5_vsparsity_benchmarking_Bitcoin_prct0.1","q1wg75nv","mixture_experts_deeptime","mixture_experts_deeptime_crypto_in105_out15_K45_noise_laplace_std0.5_vsparsity_benchmarking_Bitcoin_prct0.1_seed1356001","0.5","0.2550883587063452","0.2550883587063452","undefined"
"traffic","group-mixture_experts_deeptime_traffic_in672_out96_K105_noise_laplace_std1.0_vsparsity_benchmarking","ysef5g0s","mixture_experts_deeptime","mixture_experts_deeptime_traffic_in672_out96_K105_noise_laplace_std1.0_vsparsity_benchmarking_seed1356003","1","0.18513324325959096","undefined","undefined"
"crypto","group-mixture_experts_deeptime_crypto_in105_out15_K45_noise_laplace_std0_vsparsity_benchmarking_Bitcoin_prct0.1","pumolelf","mixture_experts_deeptime","mixture_experts_deeptime_crypto_in105_out15_K45_noise_laplace_std0_vsparsity_benchmarking_Bitcoin_prct0.1_seed1356001","0","0.2291907674668767","0.2291907674668767","undefined"
"traffic","group-mixture_experts_deeptime_traffic_in672_out96_K105_noise_laplace_std0.5_vsparsity_benchmarking","kg6cw8vi","mixture_experts_deeptime","mixture_experts_deeptime_traffic_in672_out96_K105_noise_laplace_std0.5_vsparsity_benchmarking_seed1356003","0.5","0.14282029615094652","undefined","undefined"
"traffic","group-omp_deeptime_traffic_in672_out96_nonzero105_noise_laplace_std1.0_vsparsity_benchmarking","zzzi2wrp","omp_deeptime","omp_deeptime_traffic_in672_out96_nonzero105_noise_laplace_std1.0_vsparsity_benchmarking_seed1355537_tol1e-3","1","0.1921257899979475","undefined","undefined"
"traffic","group-mixture_experts_deeptime_traffic_in672_out96_K105_noise_laplace_std0_vsparsity_benchmarking","n95dye5x","mixture_experts_deeptime","mixture_experts_deeptime_traffic_in672_out96_K105_noise_laplace_std0_vsparsity_benchmarking_seed1356003","0","0.12746316283524556","undefined","undefined"
"crypto","group-mixture_experts_deeptime_crypto_in105_out15_K45_noise_laplace_std1.0_vsparsity_benchmarking_Bitcoin_prct0.1","cgrimu1j","mixture_experts_deeptime","mixture_experts_deeptime_crypto_in105_out15_K45_noise_laplace_std1.0_vsparsity_benchmarking_Bitcoin_prct0.1_seed1356000","1","0.27619687558554384","0.27619687558554384","undefined"
"traffic","group-mixture_experts_deeptime_traffic_in672_out96_K105_noise_laplace_std1.0_vsparsity_benchmarking","df7hlr1f","mixture_experts_deeptime","mixture_experts_deeptime_traffic_in672_out96_K105_noise_laplace_std1.0_vsparsity_benchmarking_seed1356002","1","0.2005557396840258","undefined","undefined"
"traffic","group-mixture_experts_deeptime_traffic_in672_out96_K105_noise_laplace_std0.5_vsparsity_benchmarking","atgy7750","mixture_experts_deeptime","mixture_experts_deeptime_traffic_in672_out96_K105_noise_laplace_std0.5_vsparsity_benchmarking_seed1356002","0.5","0.15522865853134268","undefined","undefined"
"traffic","group-mixture_experts_deeptime_traffic_in672_out96_K105_noise_laplace_std0_vsparsity_benchmarking","ulygqjnd","mixture_experts_deeptime","mixture_experts_deeptime_traffic_in672_out96_K105_noise_laplace_std0_vsparsity_benchmarking_seed1356002","0","0.12628996294256614","undefined","undefined"
"crypto","group-mixture_experts_deeptime_crypto_in105_out15_K45_noise_laplace_std0.5_vsparsity_benchmarking_Bitcoin_prct0.1","jduqm5j3","mixture_experts_deeptime","mixture_experts_deeptime_crypto_in105_out15_K45_noise_laplace_std0.5_vsparsity_benchmarking_Bitcoin_prct0.1_seed1356000","0.5","0.2577897887861449","0.2577897887861449","undefined"
"traffic","group-mixture_experts_deeptime_traffic_in672_out96_K105_noise_laplace_std1.0_vsparsity_benchmarking","4dzhg2m0","mixture_experts_deeptime","mixture_experts_deeptime_traffic_in672_out96_K105_noise_laplace_std1.0_vsparsity_benchmarking_seed1356001","1","0.1993287750636764","undefined","undefined"
"traffic","group-mixture_experts_deeptime_traffic_in672_out96_K105_noise_laplace_std0.5_vsparsity_benchmarking","v7zyds6p","mixture_experts_deeptime","mixture_experts_deeptime_traffic_in672_out96_K105_noise_laplace_std0.5_vsparsity_benchmarking_seed1356001","0.5","0.15425994241983357","undefined","undefined"
"traffic","group-mixture_experts_deeptime_traffic_in672_out96_K105_noise_laplace_std0_vsparsity_benchmarking","e0bdb1wp","mixture_experts_deeptime","mixture_experts_deeptime_traffic_in672_out96_K105_noise_laplace_std0_vsparsity_benchmarking_seed1356001","0","0.12631767447435488","undefined","undefined"
"crypto","group-mixture_experts_deeptime_crypto_in105_out15_K45_noise_laplace_std0_vsparsity_benchmarking_Bitcoin_prct0.1","vlmvncd8","mixture_experts_deeptime","mixture_experts_deeptime_crypto_in105_out15_K45_noise_laplace_std0_vsparsity_benchmarking_Bitcoin_prct0.1_seed1356000","0","0.23250444015066313","0.23250444015066313","undefined"
"traffic","group-mixture_experts_deeptime_traffic_in672_out96_K105_noise_laplace_std1.0_vsparsity_benchmarking","zoab9b0z","mixture_experts_deeptime","mixture_experts_deeptime_traffic_in672_out96_K105_noise_laplace_std1.0_vsparsity_benchmarking_seed1356000","1","0.18667455814003675","undefined","undefined"
"traffic","group-mixture_experts_deeptime_traffic_in672_out96_K105_noise_laplace_std0.5_vsparsity_benchmarking","5m41y99q","mixture_experts_deeptime","mixture_experts_deeptime_traffic_in672_out96_K105_noise_laplace_std0.5_vsparsity_benchmarking_seed1356000","0.5","0.147378839993467","undefined","undefined"
"etth2","group-mixture_experts_deeptime_etth2_in288_out96_K105_noise_laplace_std1.0_vsparsity_benchmarking","1vhivs0s","mixture_experts_deeptime","mixture_experts_deeptime_etth2_in288_out96_K105_noise_laplace_std1.0_vsparsity_benchmarking_seed1356001","1","0.2254239158089517","undefined","undefined"
"crypto","group-mixture_experts_deeptime_crypto_in105_out15_K45_noise_laplace_std1.0_vsparsity_benchmarking_Bitcoin_prct0.1","269vs3jw","mixture_experts_deeptime","mixture_experts_deeptime_crypto_in105_out15_K45_noise_laplace_std1.0_vsparsity_benchmarking_Bitcoin_prct0.1_seed1355999","1","0.27087531842890467","0.27087531842890467","undefined"
"etth2","group-mixture_experts_deeptime_etth2_in288_out96_K105_noise_laplace_std0.5_vsparsity_benchmarking","m2j7tcvf","mixture_experts_deeptime","mixture_experts_deeptime_etth2_in288_out96_K105_noise_laplace_std0.5_vsparsity_benchmarking_seed1356001","0.5","0.17320449823255257","undefined","undefined"
"traffic","group-mixture_experts_deeptime_traffic_in672_out96_K105_noise_laplace_std0_vsparsity_benchmarking","9a5lsvpr","mixture_experts_deeptime","mixture_experts_deeptime_traffic_in672_out96_K105_noise_laplace_std0_vsparsity_benchmarking_seed1356000","0","0.1244633755192491","undefined","undefined"
"etth2","group-mixture_experts_deeptime_etth2_in288_out96_K105_noise_laplace_std0_vsparsity_benchmarking","crs5zw4m","mixture_experts_deeptime","mixture_experts_deeptime_etth2_in288_out96_K105_noise_laplace_std0_vsparsity_benchmarking_seed1356001","0","0.1535903787327245","undefined","undefined"
"etth2","group-mixture_experts_deeptime_etth2_in288_out96_K105_noise_laplace_std1.0_vsparsity_benchmarking","4t8f2u25","mixture_experts_deeptime","mixture_experts_deeptime_etth2_in288_out96_K105_noise_laplace_std1.0_vsparsity_benchmarking_seed1356000","1","0.21852644696784307","undefined","undefined"
"traffic","group-mixture_experts_deeptime_traffic_in672_out96_K105_noise_laplace_std1.0_vsparsity_benchmarking","3dvlkg9q","mixture_experts_deeptime","mixture_experts_deeptime_traffic_in672_out96_K105_noise_laplace_std1.0_vsparsity_benchmarking_seed1355999","1","0.1989229515833338","undefined","undefined"
"etth2","group-mixture_experts_deeptime_etth2_in288_out96_K105_noise_laplace_std0.5_vsparsity_benchmarking","isqwqrhk","mixture_experts_deeptime","mixture_experts_deeptime_etth2_in288_out96_K105_noise_laplace_std0.5_vsparsity_benchmarking_seed1356000","0.5","0.18118105824798175","undefined","undefined"
"etth2","group-mixture_experts_deeptime_etth2_in288_out96_K105_noise_laplace_std0_vsparsity_benchmarking","su6e0gen","mixture_experts_deeptime","mixture_experts_deeptime_etth2_in288_out96_K105_noise_laplace_std0_vsparsity_benchmarking_seed1356000","0","0.15489339892093595","undefined","undefined"
"etth2","group-mixture_experts_deeptime_etth2_in288_out96_K105_noise_laplace_std1.0_vsparsity_benchmarking","dd8amiqp","mixture_experts_deeptime","mixture_experts_deeptime_etth2_in288_out96_K105_noise_laplace_std1.0_vsparsity_benchmarking_seed1355999","1","0.21036461498767375","undefined","undefined"
"traffic","group-mixture_experts_deeptime_traffic_in672_out96_K105_noise_laplace_std0.5_vsparsity_benchmarking","ejkjk8hh","mixture_experts_deeptime","mixture_experts_deeptime_traffic_in672_out96_K105_noise_laplace_std0.5_vsparsity_benchmarking_seed1355999","0.5","0.15002967982244964","undefined","undefined"
"crypto","group-mixture_experts_deeptime_crypto_in105_out15_K45_noise_laplace_std0.5_vsparsity_benchmarking_Bitcoin_prct0.1","p46615y0","mixture_experts_deeptime","mixture_experts_deeptime_crypto_in105_out15_K45_noise_laplace_std0.5_vsparsity_benchmarking_Bitcoin_prct0.1_seed1355999","0.5","0.2578906278971237","0.2578906278971237","undefined"
"etth2","group-mixture_experts_deeptime_etth2_in288_out96_K105_noise_laplace_std0.5_vsparsity_benchmarking","l3igr9ph","mixture_experts_deeptime","mixture_experts_deeptime_etth2_in288_out96_K105_noise_laplace_std0.5_vsparsity_benchmarking_seed1355999","0.5","0.17591247020060222","undefined","undefined"
"crypto","group-deeptime_crypto_in105_out15_noise_laplace_std1.0_vsparsity_benchmarking","tjjwbuxr","deeptime","deeptime_crypto_in105_out15_noise_laplace_std1.0_vsparsity_benchmarking_seed1355569","1","0.291993899629098","0.291993899629098","undefined"
"etth2","group-mixture_experts_deeptime_etth2_in288_out96_K105_noise_laplace_std0_vsparsity_benchmarking","ossmv40r","mixture_experts_deeptime","mixture_experts_deeptime_etth2_in288_out96_K105_noise_laplace_std0_vsparsity_benchmarking_seed1355999","0","0.16660204368578704","undefined","undefined"
"exchange_rate","group-mixture_experts_deeptime_exchange_rate_in288_out96_K45_noise_laplace_std1.0_vsparsity_benchmarking","kbrta5b1","mixture_experts_deeptime","mixture_experts_deeptime_exchange_rate_in288_out96_K45_noise_laplace_std1.0_vsparsity_benchmarking_seed1356002","1","0.2724760318618712","undefined","undefined"
"etth2","group-mixture_experts_deeptime_etth2_in288_out96_K105_noise_laplace_std1.0_vsparsity_benchmarking","gq1fh5ds","mixture_experts_deeptime","mixture_experts_deeptime_etth2_in288_out96_K105_noise_laplace_std1.0_vsparsity_benchmarking_seed1355998","1","0.20357361144588504","undefined","undefined"
"traffic","group-mixture_experts_deeptime_traffic_in672_out96_K105_noise_laplace_std0_vsparsity_benchmarking","iyi71olb","mixture_experts_deeptime","mixture_experts_deeptime_traffic_in672_out96_K105_noise_laplace_std0_vsparsity_benchmarking_seed1355999","0","0.12614678728640416","undefined","undefined"
"traffic","group-omp_deeptime_traffic_in672_out96_nonzero105_noise_laplace_std0.5_vsparsity_benchmarking","l5a8ah61","omp_deeptime","omp_deeptime_traffic_in672_out96_nonzero105_noise_laplace_std0.5_vsparsity_benchmarking_seed1355537_tol1e-3","0.5","0.13346416179094622","undefined","undefined"
"exchange_rate","group-mixture_experts_deeptime_exchange_rate_in288_out96_K45_noise_laplace_std0.5_vsparsity_benchmarking","rzi84lc5","mixture_experts_deeptime","mixture_experts_deeptime_exchange_rate_in288_out96_K45_noise_laplace_std0.5_vsparsity_benchmarking_seed1356002","0.5","0.2622350661293206","undefined","undefined"
"exchange_rate","group-mixture_experts_deeptime_exchange_rate_in288_out96_K45_noise_laplace_std0_vsparsity_benchmarking","p2n5vrmx","mixture_experts_deeptime","mixture_experts_deeptime_exchange_rate_in288_out96_K45_noise_laplace_std0_vsparsity_benchmarking_seed1356002","0","0.2495819960077781","undefined","undefined"
"etth2","group-mixture_experts_deeptime_etth2_in288_out96_K105_noise_laplace_std0.5_vsparsity_benchmarking","ywpqhusn","mixture_experts_deeptime","mixture_experts_deeptime_etth2_in288_out96_K105_noise_laplace_std0.5_vsparsity_benchmarking_seed1355998","0.5","0.1722821525190603","undefined","undefined"
"exchange_rate","group-mixture_experts_deeptime_exchange_rate_in288_out96_K45_noise_laplace_std1.0_vsparsity_benchmarking","e5csol85","mixture_experts_deeptime","mixture_experts_deeptime_exchange_rate_in288_out96_K45_noise_laplace_std1.0_vsparsity_benchmarking_seed1356001","1","0.28845665288576705","undefined","undefined"
"exchange_rate","group-mixture_experts_deeptime_exchange_rate_in288_out96_K45_noise_laplace_std0.5_vsparsity_benchmarking","k8qmanli","mixture_experts_deeptime","mixture_experts_deeptime_exchange_rate_in288_out96_K45_noise_laplace_std0.5_vsparsity_benchmarking_seed1356001","0.5","0.2988684649409328","undefined","undefined"
"etth2","group-mixture_experts_deeptime_etth2_in288_out96_K105_noise_laplace_std0_vsparsity_benchmarking","cgfqnyll","mixture_experts_deeptime","mixture_experts_deeptime_etth2_in288_out96_K105_noise_laplace_std0_vsparsity_benchmarking_seed1355998","0","0.1722648288536909","undefined","undefined"
"traffic","group-mixture_experts_deeptime_traffic_in672_out96_K105_noise_laplace_std1.0_vsparsity_benchmarking","8uyjhial","mixture_experts_deeptime","mixture_experts_deeptime_traffic_in672_out96_K105_noise_laplace_std1.0_vsparsity_benchmarking_seed1355998","1","0.19881903940022944","undefined","undefined"
"exchange_rate","group-mixture_experts_deeptime_exchange_rate_in288_out96_K45_noise_laplace_std0_vsparsity_benchmarking","kaatjzts","mixture_experts_deeptime","mixture_experts_deeptime_exchange_rate_in288_out96_K45_noise_laplace_std0_vsparsity_benchmarking_seed1356001","0","0.29071488413089513","undefined","undefined"
"exchange_rate","group-mixture_experts_deeptime_exchange_rate_in288_out96_K45_noise_laplace_std1.0_vsparsity_benchmarking","fbxefzgd","mixture_experts_deeptime","mixture_experts_deeptime_exchange_rate_in288_out96_K45_noise_laplace_std1.0_vsparsity_benchmarking_seed1356000","1","0.2921234623872799","undefined","undefined"
"etth2","group-mixture_experts_deeptime_etth2_in288_out96_K105_noise_laplace_std1.0_vsparsity_benchmarking","z2o2qptq","mixture_experts_deeptime","mixture_experts_deeptime_etth2_in288_out96_K105_noise_laplace_std1.0_vsparsity_benchmarking_seed1355997","1","0.1970532394941689","undefined","undefined"
"exchange_rate","group-mixture_experts_deeptime_exchange_rate_in288_out96_K45_noise_laplace_std0.5_vsparsity_benchmarking","po48q3pn","mixture_experts_deeptime","mixture_experts_deeptime_exchange_rate_in288_out96_K45_noise_laplace_std0.5_vsparsity_benchmarking_seed1356000","0.5","0.27106018849956837","undefined","undefined"
"exchange_rate","group-mixture_experts_deeptime_exchange_rate_in288_out96_K45_noise_laplace_std0_vsparsity_benchmarking","hykztluj","mixture_experts_deeptime","mixture_experts_deeptime_exchange_rate_in288_out96_K45_noise_laplace_std0_vsparsity_benchmarking_seed1356000","0","0.2452493204675498","undefined","undefined"
"etth2","group-mixture_experts_deeptime_etth2_in288_out96_K105_noise_laplace_std0.5_vsparsity_benchmarking","rs7fkvut","mixture_experts_deeptime","mixture_experts_deeptime_etth2_in288_out96_K105_noise_laplace_std0.5_vsparsity_benchmarking_seed1355997","0.5","0.1900694779925173","undefined","undefined"
"traffic","group-mixture_experts_deeptime_traffic_in672_out96_K105_noise_laplace_std0.5_vsparsity_benchmarking","w5iiaf80","mixture_experts_deeptime","mixture_experts_deeptime_traffic_in672_out96_K105_noise_laplace_std0.5_vsparsity_benchmarking_seed1355998","0.5","0.1521938127322174","undefined","undefined"
"exchange_rate","group-mixture_experts_deeptime_exchange_rate_in288_out96_K45_noise_laplace_std1.0_vsparsity_benchmarking","wkdr4483","mixture_experts_deeptime","mixture_experts_deeptime_exchange_rate_in288_out96_K45_noise_laplace_std1.0_vsparsity_benchmarking_seed1355999","1","0.2951859131280356","undefined","undefined"
"crypto","group-deeptime_crypto_in105_out15_noise_laplace_std0.5_vsparsity_benchmarking","3h3pves8","deeptime","deeptime_crypto_in105_out15_noise_laplace_std0.5_vsparsity_benchmarking_seed1355569","0.5","0.2591112495663255","0.2591112495663255","undefined"
"exchange_rate","group-mixture_experts_deeptime_exchange_rate_in288_out96_K45_noise_laplace_std0.5_vsparsity_benchmarking","xk6lz6gu","mixture_experts_deeptime","mixture_experts_deeptime_exchange_rate_in288_out96_K45_noise_laplace_std0.5_vsparsity_benchmarking_seed1355999","0.5","0.26248161268559683","undefined","undefined"
"etth2","group-mixture_experts_deeptime_etth2_in288_out96_K105_noise_laplace_std0_vsparsity_benchmarking","cb06e9bb","mixture_experts_deeptime","mixture_experts_deeptime_etth2_in288_out96_K105_noise_laplace_std0_vsparsity_benchmarking_seed1355997","0","0.1773190037181531","undefined","undefined"
"exchange_rate","group-mixture_experts_deeptime_exchange_rate_in288_out96_K45_noise_laplace_std0_vsparsity_benchmarking","q2c7bu7k","mixture_experts_deeptime","mixture_experts_deeptime_exchange_rate_in288_out96_K45_noise_laplace_std0_vsparsity_benchmarking_seed1355999","0","0.23090302677188657","undefined","undefined"
"exchange_rate","group-mixture_experts_deeptime_exchange_rate_in288_out96_K45_noise_laplace_std1.0_vsparsity_benchmarking","mpbaeddx","mixture_experts_deeptime","mixture_experts_deeptime_exchange_rate_in288_out96_K45_noise_laplace_std1.0_vsparsity_benchmarking_seed1355998","1","0.1841540113235443","undefined","undefined"
"etth2","group-mixture_experts_deeptime_etth2_in288_out96_K105_noise_laplace_std1.0_vsparsity_benchmarking","s4frnnup","mixture_experts_deeptime","mixture_experts_deeptime_etth2_in288_out96_K105_noise_laplace_std1.0_vsparsity_benchmarking_seed1355996","1","0.1838835219041103","undefined","undefined"
"exchange_rate","group-mixture_experts_deeptime_exchange_rate_in288_out96_K45_noise_laplace_std0.5_vsparsity_benchmarking","fu6zj3wb","mixture_experts_deeptime","mixture_experts_deeptime_exchange_rate_in288_out96_K45_noise_laplace_std0.5_vsparsity_benchmarking_seed1355998","0.5","0.2950990582590905","undefined","undefined"
"exchange_rate","group-mixture_experts_deeptime_exchange_rate_in288_out96_K45_noise_laplace_std0_vsparsity_benchmarking","ls8hzqrm","mixture_experts_deeptime","mixture_experts_deeptime_exchange_rate_in288_out96_K45_noise_laplace_std0_vsparsity_benchmarking_seed1355998","0","0.24469899562166497","undefined","undefined"
"etth2","group-mixture_experts_deeptime_etth2_in288_out96_K105_noise_laplace_std0.5_vsparsity_benchmarking","wcrbf910","mixture_experts_deeptime","mixture_experts_deeptime_etth2_in288_out96_K105_noise_laplace_std0.5_vsparsity_benchmarking_seed1355996","0.5","0.17102256010387992","undefined","undefined"
"exchange_rate","group-mixture_experts_deeptime_exchange_rate_in288_out96_K45_noise_laplace_std1.0_vsparsity_benchmarking","5wvfkopx","mixture_experts_deeptime","mixture_experts_deeptime_exchange_rate_in288_out96_K45_noise_laplace_std1.0_vsparsity_benchmarking_seed1355997","1","0.2977972391720653","undefined","undefined"
"exchange_rate","group-mixture_experts_deeptime_exchange_rate_in288_out96_K45_noise_laplace_std0.5_vsparsity_benchmarking","rxflxgmt","mixture_experts_deeptime","mixture_experts_deeptime_exchange_rate_in288_out96_K45_noise_laplace_std0.5_vsparsity_benchmarking_seed1355997","0.5","0.29268818831545546","undefined","undefined"
"crypto","group-mixture_experts_deeptime_crypto_in105_out15_K45_noise_laplace_std0_vsparsity_benchmarking_Bitcoin_prct0.1","a91bdegc","mixture_experts_deeptime","mixture_experts_deeptime_crypto_in105_out15_K45_noise_laplace_std0_vsparsity_benchmarking_Bitcoin_prct0.1_seed1355999","0","0.2307014152413519","0.2307014152413519","undefined"
"etth2","group-mixture_experts_deeptime_etth2_in288_out96_K105_noise_laplace_std0_vsparsity_benchmarking","98ylw2jq","mixture_experts_deeptime","mixture_experts_deeptime_etth2_in288_out96_K105_noise_laplace_std0_vsparsity_benchmarking_seed1355996","0","0.18466946061643952","undefined","undefined"
"exchange_rate","group-mixture_experts_deeptime_exchange_rate_in288_out96_K45_noise_laplace_std0_vsparsity_benchmarking","q5e8pqgb","mixture_experts_deeptime","mixture_experts_deeptime_exchange_rate_in288_out96_K45_noise_laplace_std0_vsparsity_benchmarking_seed1355997","0","0.09218233316999408","undefined","undefined"
"traffic","group-mixture_experts_deeptime_traffic_in672_out96_K105_noise_laplace_std0_vsparsity_benchmarking","rpk8grzh","mixture_experts_deeptime","mixture_experts_deeptime_traffic_in672_out96_K105_noise_laplace_std0_vsparsity_benchmarking_seed1355998","0","0.12359656196509944","undefined","undefined"
"crypto","group-omp_deeptime_crypto_in105_out15_nonzero45_noise_laplace_std1.0_vsparsity_benchmarking","xyo368vc","omp_deeptime","omp_deeptime_crypto_in105_out15_nonzero45_noise_laplace_std1.0_vsparsity_benchmarking_seed1355571_tol1e-3","1","0.3752692529127742","0.3752692529127742","undefined"
"crypto","group-omp_deeptime_crypto_in105_out15_nonzero45_noise_laplace_std0.5_vsparsity_benchmarking","ou5f91lc","omp_deeptime","omp_deeptime_crypto_in105_out15_nonzero45_noise_laplace_std0.5_vsparsity_benchmarking_seed1355571_tol1e-3","0.5","0.27258681556112613","0.27258681556112613","undefined"
"traffic","group-omp_deeptime_traffic_in672_out96_nonzero105_noise_laplace_std0_vsparsity_benchmarking","sbad0u3y","omp_deeptime","omp_deeptime_traffic_in672_out96_nonzero105_noise_laplace_std0_vsparsity_benchmarking_seed1355537_tol1e-3","0","0.11846034997409556","undefined","undefined"
"crypto","group-deeptime_crypto_in105_out15_noise_laplace_std0_vsparsity_benchmarking","kykbwc9w","deeptime","deeptime_crypto_in105_out15_noise_laplace_std0_vsparsity_benchmarking_seed1355569","0","0.19498886999315848","0.19498886999315848","undefined"
"crypto","group-deeptime_crypto_in105_out15_noise_laplace_std1.0_vsparsity_benchmarking","mszlfsq7","deeptime","deeptime_crypto_in105_out15_noise_laplace_std1.0_vsparsity_benchmarking_seed1355573","1","0.3927983175615186","undefined","0.3927983175615186"
"crypto","group-nbeats_crypto_in105_out15_noise_laplace_std1.0_vsparsity_benchmarking","861uxru3","nbeats","nbeats_crypto_in105_out15_noise_laplace_std1.0_vsparsity_benchmarking_seed1355570","1","0.28034198735339244","0.28034198735339244","undefined"
"crypto","group-omp_deeptime_crypto_in105_out15_nonzero45_noise_laplace_std1.0_vsparsity_benchmarking","l22sc7xk","omp_deeptime","omp_deeptime_crypto_in105_out15_nonzero45_noise_laplace_std1.0_vsparsity_benchmarking_seed1355575_tol1e-3","1","0.4663682807866309","undefined","0.4663682807866309"
"crypto","group-deeptime_crypto_in105_out15_noise_laplace_std0.5_vsparsity_benchmarking","6yv9jnhl","deeptime","deeptime_crypto_in105_out15_noise_laplace_std0.5_vsparsity_benchmarking_seed1355573","0.5","0.3511316314074273","undefined","0.3511316314074273"
"crypto","group-deeptime_crypto_in105_out15_noise_laplace_std1.0_vsparsity_benchmarking","rs8ea6y6","deeptime","deeptime_crypto_in105_out15_noise_laplace_std1.0_vsparsity_benchmarking_seed1355568","1","0.2898462454946168","0.2898462454946168","undefined"
"crypto","group-omp_deeptime_crypto_in105_out15_nonzero45_noise_laplace_std0.5_vsparsity_benchmarking","u5gufsec","omp_deeptime","omp_deeptime_crypto_in105_out15_nonzero45_noise_laplace_std0.5_vsparsity_benchmarking_seed1355575_tol1e-3","0.5","0.3708988273798339","undefined","0.3708988273798339"
"crypto","group-nbeats_crypto_in105_out15_noise_laplace_std0.5_vsparsity_benchmarking","yw4w7tpz","nbeats","nbeats_crypto_in105_out15_noise_laplace_std0.5_vsparsity_benchmarking_seed1355570","0.5","0.24805857863299385","0.24805857863299385","undefined"
"crypto","group-nbeats_crypto_in105_out15_noise_laplace_std1.0_vsparsity_benchmarking","nii9ldl4","nbeats","nbeats_crypto_in105_out15_noise_laplace_std1.0_vsparsity_benchmarking_seed1355574","1","0.3941173309362548","undefined","0.3941173309362548"
"crypto","group-deeptime_crypto_in105_out15_noise_laplace_std0.5_vsparsity_benchmarking","w3xbil31","deeptime","deeptime_crypto_in105_out15_noise_laplace_std0.5_vsparsity_benchmarking_seed1355568","0.5","0.25734194912005487","0.25734194912005487","undefined"
"crypto","group-omp_deeptime_crypto_in105_out15_nonzero45_noise_laplace_std0_vsparsity_benchmarking","pddlb2bp","omp_deeptime","omp_deeptime_crypto_in105_out15_nonzero45_noise_laplace_std0_vsparsity_benchmarking_seed1355571_tol1e-3","0","0.2343587355854945","0.2343587355854945","undefined"
"crypto","group-omp_deeptime_crypto_in105_out15_nonzero45_noise_laplace_std0_vsparsity_benchmarking","1aup6ftg","omp_deeptime","omp_deeptime_crypto_in105_out15_nonzero45_noise_laplace_std0_vsparsity_benchmarking_seed1355575_tol1e-3","0","0.3239775601297871","undefined","0.3239775601297871"
"crypto","group-nbeats_crypto_in105_out15_noise_laplace_std0.5_vsparsity_benchmarking","ievz5e3h","nbeats","nbeats_crypto_in105_out15_noise_laplace_std0.5_vsparsity_benchmarking_seed1355574","0.5","0.35669086600850103","undefined","0.35669086600850103"
"crypto","group-nbeats_crypto_in105_out15_noise_laplace_std0_vsparsity_benchmarking","hq645wdx","nbeats","nbeats_crypto_in105_out15_noise_laplace_std0_vsparsity_benchmarking_seed1355570","0","0.20511357220687165","0.20511357220687165","undefined"
"traffic","group-omp_deeptime_traffic_in672_out96_nonzero105_noise_laplace_std1.0_vsparsity_benchmarking","cfo1wkch","omp_deeptime","omp_deeptime_traffic_in672_out96_nonzero105_noise_laplace_std1.0_vsparsity_benchmarking_seed1355536_tol1e-3","1","0.17826971710311362","undefined","undefined"
"crypto","group-deeptime_crypto_in105_out15_noise_laplace_std0_vsparsity_benchmarking","kw8bttzc","deeptime","deeptime_crypto_in105_out15_noise_laplace_std0_vsparsity_benchmarking_seed1355573","0","0.2761461842881026","undefined","0.2761461842881026"
"crypto","group-omp_deeptime_crypto_in105_out15_nonzero45_noise_laplace_std1.0_vsparsity_benchmarking","v9m7zyn1","omp_deeptime","omp_deeptime_crypto_in105_out15_nonzero45_noise_laplace_std1.0_vsparsity_benchmarking_seed1355570_tol1e-3","1","0.3643753153900639","0.3643753153900639","undefined"
"crypto","group-nbeats_crypto_in105_out15_noise_laplace_std0_vsparsity_benchmarking","knbw3qbc","nbeats","nbeats_crypto_in105_out15_noise_laplace_std0_vsparsity_benchmarking_seed1355574","0","0.302419243904448","undefined","0.302419243904448"
"crypto","group-omp_deeptime_crypto_in105_out15_nonzero45_noise_laplace_std1.0_vsparsity_benchmarking","yy7g9eir","omp_deeptime","omp_deeptime_crypto_in105_out15_nonzero45_noise_laplace_std1.0_vsparsity_benchmarking_seed1355574_tol1e-3","1","0.5289027936628735","undefined","0.5289027936628735"
"crypto","group-nbeats_crypto_in105_out15_noise_laplace_std1.0_vsparsity_benchmarking","yaybkqn9","nbeats","nbeats_crypto_in105_out15_noise_laplace_std1.0_vsparsity_benchmarking_seed1355569","1","0.27116284543005187","0.27116284543005187","undefined"
"crypto","group-deeptime_crypto_in105_out15_noise_laplace_std1.0_vsparsity_benchmarking","966tmsuj","deeptime","deeptime_crypto_in105_out15_noise_laplace_std1.0_vsparsity_benchmarking_seed1355572","1","0.39230470129276","undefined","0.39230470129276"
"crypto","group-omp_deeptime_crypto_in105_out15_nonzero45_noise_laplace_std0.5_vsparsity_benchmarking","81dx48xl","omp_deeptime","omp_deeptime_crypto_in105_out15_nonzero45_noise_laplace_std0.5_vsparsity_benchmarking_seed1355570_tol1e-3","0.5","0.2841258165015895","0.2841258165015895","undefined"
"crypto","group-nbeats_crypto_in105_out15_noise_laplace_std1.0_vsparsity_benchmarking","hwdpohzk","nbeats","nbeats_crypto_in105_out15_noise_laplace_std1.0_vsparsity_benchmarking_seed1355573","1","0.3933803608396722","undefined","0.3933803608396722"
"crypto","group-omp_deeptime_crypto_in105_out15_nonzero45_noise_laplace_std0.5_vsparsity_benchmarking","vl5krsgx","omp_deeptime","omp_deeptime_crypto_in105_out15_nonzero45_noise_laplace_std0.5_vsparsity_benchmarking_seed1355574_tol1e-3","0.5","0.3869166310346632","undefined","0.3869166310346632"
"crypto","group-deeptime_crypto_in105_out15_noise_laplace_std0.5_vsparsity_benchmarking","vl36r8ko","deeptime","deeptime_crypto_in105_out15_noise_laplace_std0.5_vsparsity_benchmarking_seed1355572","0.5","0.347967806641169","undefined","0.347967806641169"
"crypto","group-nbeats_crypto_in105_out15_noise_laplace_std0.5_vsparsity_benchmarking","7q2eep3t","nbeats","nbeats_crypto_in105_out15_noise_laplace_std0.5_vsparsity_benchmarking_seed1355569","0.5","0.24318015666108167","0.24318015666108167","undefined"
"traffic","group-deeptime_traffic_in672_out96_noise_laplace_std1.0_vsparsity_benchmarking","4isnmu2z","deeptime","deeptime_traffic_in672_out96_noise_laplace_std1.0_vsparsity_benchmarking_seed1355522","1","0.16399265842415214","undefined","undefined"
"crypto","group-nbeats_crypto_in105_out15_noise_laplace_std0.5_vsparsity_benchmarking","a7tciwi0","nbeats","nbeats_crypto_in105_out15_noise_laplace_std0.5_vsparsity_benchmarking_seed1355573","0.5","0.353217729249032","undefined","0.353217729249032"
"crypto","group-deeptime_crypto_in105_out15_noise_laplace_std0_vsparsity_benchmarking","yd002y65","deeptime","deeptime_crypto_in105_out15_noise_laplace_std0_vsparsity_benchmarking_seed1355568","0","0.1944019051035422","0.1944019051035422","undefined"
"traffic","group-deeptime_traffic_in672_out96_noise_laplace_std0.5_vsparsity_benchmarking","q4d2jp1r","deeptime","deeptime_traffic_in672_out96_noise_laplace_std0.5_vsparsity_benchmarking_seed1355522","0.5","0.1341214409970508","undefined","undefined"
"crypto","group-omp_deeptime_crypto_in105_out15_nonzero45_noise_laplace_std0_vsparsity_benchmarking","7ue1aqxr","omp_deeptime","omp_deeptime_crypto_in105_out15_nonzero45_noise_laplace_std0_vsparsity_benchmarking_seed1355574_tol1e-3","0","0.32093054457998504","undefined","0.32093054457998504"
"crypto","group-omp_deeptime_crypto_in105_out15_nonzero45_noise_laplace_std0_vsparsity_benchmarking","8rn2xcpy","omp_deeptime","omp_deeptime_crypto_in105_out15_nonzero45_noise_laplace_std0_vsparsity_benchmarking_seed1355570_tol1e-3","0","0.2357208620264331","0.2357208620264331","undefined"
"etth2","group-omp_deeptime_etth2_in288_out96_nonzero105_noise_laplace_std1.0_vsparsity_benchmarking","3compk55","omp_deeptime","omp_deeptime_etth2_in288_out96_nonzero105_noise_laplace_std1.0_vsparsity_benchmarking_seed1355526_tol1e-3","1","0.22727267551056857","undefined","undefined"
"crypto","group-nbeats_crypto_in105_out15_noise_laplace_std0_vsparsity_benchmarking","3usg3vve","nbeats","nbeats_crypto_in105_out15_noise_laplace_std0_vsparsity_benchmarking_seed1355569","0","0.20408522627852024","0.20408522627852024","undefined"
"undefined","group-naive_martingle_crypto_in15_out15_noise_laplace_std1.0_vsparsity_benchmarking","vfmhohue","undefined","naive_martingle_crypto_in15_out15_noise_laplace_std1.0_vsparsity_benchmarking_seed1355576","undefined","1.5051426389672835","undefined","1.5051426389672835"
"crypto","group-deeptime_crypto_in105_out15_noise_laplace_std0_vsparsity_benchmarking","c6pr2fp8","deeptime","deeptime_crypto_in105_out15_noise_laplace_std0_vsparsity_benchmarking_seed1355572","0","0.2788798821877452","undefined","0.2788798821877452"
"undefined","group-naive_martingle_crypto_in15_out15_noise_laplace_std0.5_vsparsity_benchmarking","4iiz5bkn","undefined","naive_martingle_crypto_in15_out15_noise_laplace_std0.5_vsparsity_benchmarking_seed1355576","undefined","0.7563828638449175","undefined","0.7563828638449175"
"undefined","group-naive_martingle_crypto_in15_out15_noise_laplace_std1.0_vsparsity_benchmarking","qypf1myc","undefined","naive_martingle_crypto_in15_out15_noise_laplace_std1.0_vsparsity_benchmarking_seed1355572","undefined","1.375813768007986","1.375813768007986","undefined"
"crypto","group-deeptime_crypto_in105_out15_noise_laplace_std1.0_vsparsity_benchmarking","akpc47uv","deeptime","deeptime_crypto_in105_out15_noise_laplace_std1.0_vsparsity_benchmarking_seed1355567","1","0.29268103722719363","0.29268103722719363","undefined"
"crypto","group-nbeats_crypto_in105_out15_noise_laplace_std0_vsparsity_benchmarking","shlgdc3b","nbeats","nbeats_crypto_in105_out15_noise_laplace_std0_vsparsity_benchmarking_seed1355573","0","0.2942398621008607","undefined","0.2942398621008607"
"crypto","group-omp_deeptime_crypto_in105_out15_nonzero45_noise_laplace_std1.0_vsparsity_benchmarking","5f68xg7z","omp_deeptime","omp_deeptime_crypto_in105_out15_nonzero45_noise_laplace_std1.0_vsparsity_benchmarking_seed1355573_tol1e-3","1","0.487640605377661","undefined","0.487640605377661"
"undefined","group-naive_martingle_crypto_in15_out15_noise_laplace_std0_vsparsity_benchmarking","kxks0k2z","undefined","naive_martingle_crypto_in15_out15_noise_laplace_std0_vsparsity_benchmarking_seed1355576","undefined","0.5080905785462","undefined","0.5080905785462"
"traffic","group-deeptime_traffic_in672_out96_noise_laplace_std0_vsparsity_benchmarking","yt0a3u68","deeptime","deeptime_traffic_in672_out96_noise_laplace_std0_vsparsity_benchmarking_seed1355522","0","0.11585861924402388","undefined","undefined"
"undefined","group-naive_martingle_crypto_in15_out15_noise_laplace_std0.5_vsparsity_benchmarking","pffdywxx","undefined","naive_martingle_crypto_in15_out15_noise_laplace_std0.5_vsparsity_benchmarking_seed1355572","undefined","0.6192090031122648","0.6192090031122648","undefined"
"traffic","group-omp_deeptime_traffic_in672_out96_nonzero105_noise_laplace_std0.5_vsparsity_benchmarking","n1opz0pa","omp_deeptime","omp_deeptime_traffic_in672_out96_nonzero105_noise_laplace_std0.5_vsparsity_benchmarking_seed1355536_tol1e-3","0.5","0.13605948628743492","undefined","undefined"
"crypto","group-omp_deeptime_crypto_in105_out15_nonzero45_noise_laplace_std1.0_vsparsity_benchmarking","6n0zmp7q","omp_deeptime","omp_deeptime_crypto_in105_out15_nonzero45_noise_laplace_std1.0_vsparsity_benchmarking_seed1355569_tol1e-3","1","0.3479828587208505","0.3479828587208505","undefined"
"etth2","group-omp_deeptime_etth2_in288_out96_nonzero105_noise_laplace_std0.5_vsparsity_benchmarking","yaz3e97n","omp_deeptime","omp_deeptime_etth2_in288_out96_nonzero105_noise_laplace_std0.5_vsparsity_benchmarking_seed1355526_tol1e-3","0.5","0.1475666883733159","undefined","undefined"
"undefined","group-naive_martingle_crypto_in15_out15_noise_laplace_std1.0_vsparsity_benchmarking","j4jkwg69","undefined","naive_martingle_crypto_in15_out15_noise_laplace_std1.0_vsparsity_benchmarking_seed1355575","undefined","1.4940280646479425","undefined","1.4940280646479425"
"undefined","group-naive_martingle_crypto_in15_out15_noise_laplace_std0_vsparsity_benchmarking","lew28jd5","undefined","naive_martingle_crypto_in15_out15_noise_laplace_std0_vsparsity_benchmarking_seed1355572","undefined","0.36578988686869535","0.36578988686869535","undefined"
"crypto","group-nbeats_crypto_in105_out15_noise_laplace_std1.0_vsparsity_benchmarking","fw0fzato","nbeats","nbeats_crypto_in105_out15_noise_laplace_std1.0_vsparsity_benchmarking_seed1355568","1","0.27461316103095196","0.27461316103095196","undefined"
"crypto","group-deeptime_crypto_in105_out15_noise_laplace_std1.0_vsparsity_benchmarking","bdt9kqjh","deeptime","deeptime_crypto_in105_out15_noise_laplace_std1.0_vsparsity_benchmarking_seed1355571","1","0.39983977602731946","undefined","0.39983977602731946"
"traffic","group-deeptime_traffic_in672_out96_noise_laplace_std1.0_vsparsity_benchmarking","tsql45i8","deeptime","deeptime_traffic_in672_out96_noise_laplace_std1.0_vsparsity_benchmarking_seed1355521","1","0.18043728076934307","undefined","undefined"
"undefined","group-naive_martingle_crypto_in15_out15_noise_laplace_std0.5_vsparsity_benchmarking","lp04y5n4","undefined","naive_martingle_crypto_in15_out15_noise_laplace_std0.5_vsparsity_benchmarking_seed1355575","undefined","0.7540420775688728","undefined","0.7540420775688728"
"crypto","group-nbeats_crypto_in105_out15_noise_laplace_std1.0_vsparsity_benchmarking","xeumifkz","nbeats","nbeats_crypto_in105_out15_noise_laplace_std1.0_vsparsity_benchmarking_seed1355572","1","0.39181423253351993","undefined","0.39181423253351993"
"undefined","group-naive_martingle_crypto_in15_out15_noise_laplace_std1.0_vsparsity_benchmarking","si4butah","undefined","naive_martingle_crypto_in15_out15_noise_laplace_std1.0_vsparsity_benchmarking_seed1355571","undefined","1.3844317785931926","1.3844317785931926","undefined"
"crypto","group-deeptime_crypto_in105_out15_noise_laplace_std0.5_vsparsity_benchmarking","6u4ahmw5","deeptime","deeptime_crypto_in105_out15_noise_laplace_std0.5_vsparsity_benchmarking_seed1355567","0.5","0.25930354219741986","0.25930354219741986","undefined"
"crypto","group-omp_deeptime_crypto_in105_out15_nonzero45_noise_laplace_std0.5_vsparsity_benchmarking","9jr1mx08","omp_deeptime","omp_deeptime_crypto_in105_out15_nonzero45_noise_laplace_std0.5_vsparsity_benchmarking_seed1355573_tol1e-3","0.5","0.369546364601105","undefined","0.369546364601105"
"undefined","group-naive_martingle_crypto_in15_out15_noise_laplace_std0_vsparsity_benchmarking","i1uwgp3a","undefined","naive_martingle_crypto_in15_out15_noise_laplace_std0_vsparsity_benchmarking_seed1355575","undefined","0.5080905785462","undefined","0.5080905785462"
"crypto","group-deeptime_crypto_in105_out15_noise_laplace_std0.5_vsparsity_benchmarking","njzjemf4","deeptime","deeptime_crypto_in105_out15_noise_laplace_std0.5_vsparsity_benchmarking_seed1355571","0.5","0.3522456784127658","undefined","0.3522456784127658"
"etth2","group-omp_deeptime_etth2_in288_out96_nonzero105_noise_laplace_std0_vsparsity_benchmarking","ag5olmxk","omp_deeptime","omp_deeptime_etth2_in288_out96_nonzero105_noise_laplace_std0_vsparsity_benchmarking_seed1355526_tol1e-3","0","0.13788201909850123","undefined","undefined"
"undefined","group-naive_martingle_crypto_in15_out15_noise_laplace_std0.5_vsparsity_benchmarking","r5kknxay","undefined","naive_martingle_crypto_in15_out15_noise_laplace_std0.5_vsparsity_benchmarking_seed1355571","undefined","0.6223198058181818","0.6223198058181818","undefined"
"traffic","group-deeptime_traffic_in672_out96_noise_laplace_std0.5_vsparsity_benchmarking","wix687ur","deeptime","deeptime_traffic_in672_out96_noise_laplace_std0.5_vsparsity_benchmarking_seed1355521","0.5","0.1378079702946513","undefined","undefined"
"undefined","group-naive_martingle_crypto_in15_out15_noise_laplace_std1.0_vsparsity_benchmarking","2fvbxqh6","undefined","naive_martingle_crypto_in15_out15_noise_laplace_std1.0_vsparsity_benchmarking_seed1355574","undefined","1.495234682086284","undefined","1.495234682086284"
"crypto","group-omp_deeptime_crypto_in105_out15_nonzero45_noise_laplace_std0.5_vsparsity_benchmarking","kzqsj0yv","omp_deeptime","omp_deeptime_crypto_in105_out15_nonzero45_noise_laplace_std0.5_vsparsity_benchmarking_seed1355569_tol1e-3","0.5","0.292612739556146","0.292612739556146","undefined"
"undefined","group-naive_martingle_crypto_in15_out15_noise_laplace_std0_vsparsity_benchmarking","e61k8ltf","undefined","naive_martingle_crypto_in15_out15_noise_laplace_std0_vsparsity_benchmarking_seed1355571","undefined","0.36578988686869535","0.36578988686869535","undefined"
"crypto","group-nbeats_crypto_in105_out15_noise_laplace_std0.5_vsparsity_benchmarking","tajqge9j","nbeats","nbeats_crypto_in105_out15_noise_laplace_std0.5_vsparsity_benchmarking_seed1355572","0.5","0.3497711253155907","undefined","0.3497711253155907"
"crypto","group-nbeats_crypto_in105_out15_noise_laplace_std0.5_vsparsity_benchmarking","f2asp81k","nbeats","nbeats_crypto_in105_out15_noise_laplace_std0.5_vsparsity_benchmarking_seed1355568","0.5","0.24864522470476835","0.24864522470476835","undefined"
"etth2","group-omp_deeptime_etth2_in288_out96_nonzero105_noise_laplace_std1.0_vsparsity_benchmarking","cixa9em1","omp_deeptime","omp_deeptime_etth2_in288_out96_nonzero105_noise_laplace_std1.0_vsparsity_benchmarking_seed1355525_tol1e-3","1","0.2488682329695567","undefined","undefined"
"undefined","group-naive_martingle_crypto_in15_out15_noise_laplace_std0.5_vsparsity_benchmarking","u76mlppa","undefined","naive_martingle_crypto_in15_out15_noise_laplace_std0.5_vsparsity_benchmarking_seed1355574","undefined","0.7553889471280841","undefined","0.7553889471280841"
"undefined","group-naive_martingle_crypto_in15_out15_noise_laplace_std1.0_vsparsity_benchmarking","yr6nwtfg","undefined","naive_martingle_crypto_in15_out15_noise_laplace_std1.0_vsparsity_benchmarking_seed1355570","undefined","1.378513799150349","1.378513799150349","undefined"
"traffic","group-deeptime_traffic_in672_out96_noise_laplace_std0_vsparsity_benchmarking","yi3wvb0i","deeptime","deeptime_traffic_in672_out96_noise_laplace_std0_vsparsity_benchmarking_seed1355521","0","0.11797001623057646","undefined","undefined"
"undefined","group-naive_martingle_crypto_in15_out15_noise_laplace_std0_vsparsity_benchmarking","x4cmtj44","undefined","naive_martingle_crypto_in15_out15_noise_laplace_std0_vsparsity_benchmarking_seed1355574","undefined","0.5080905785462","undefined","0.5080905785462"
"crypto","group-omp_deeptime_crypto_in105_out15_nonzero45_noise_laplace_std0_vsparsity_benchmarking","6f5bbid5","omp_deeptime","omp_deeptime_crypto_in105_out15_nonzero45_noise_laplace_std0_vsparsity_benchmarking_seed1355573_tol1e-3","0","0.33579215003126645","undefined","0.33579215003126645"
"undefined","group-naive_martingle_crypto_in15_out15_noise_laplace_std0.5_vsparsity_benchmarking","4siba2nm","undefined","naive_martingle_crypto_in15_out15_noise_laplace_std0.5_vsparsity_benchmarking_seed1355570","undefined","0.6196576246972456","0.6196576246972456","undefined"
"etth2","group-omp_deeptime_etth2_in288_out96_nonzero105_noise_laplace_std0.5_vsparsity_benchmarking","gf8w4o57","omp_deeptime","omp_deeptime_etth2_in288_out96_nonzero105_noise_laplace_std0.5_vsparsity_benchmarking_seed1355525_tol1e-3","0.5","0.16362846101527492","undefined","undefined"
"crypto","group-deeptime_crypto_in105_out15_noise_laplace_std0_vsparsity_benchmarking","jhwcfg8z","deeptime","deeptime_crypto_in105_out15_noise_laplace_std0_vsparsity_benchmarking_seed1355571","0","0.2781289938356007","undefined","0.2781289938356007"
"crypto","group-nbeats_crypto_in105_out15_noise_laplace_std0_vsparsity_benchmarking","zvqzbtrw","nbeats","nbeats_crypto_in105_out15_noise_laplace_std0_vsparsity_benchmarking_seed1355572","0","0.3000445941964218","undefined","0.3000445941964218"
"crypto","group-omp_deeptime_crypto_in105_out15_nonzero45_noise_laplace_std0_vsparsity_benchmarking","bky71cai","omp_deeptime","omp_deeptime_crypto_in105_out15_nonzero45_noise_laplace_std0_vsparsity_benchmarking_seed1355569_tol1e-3","0","0.23667260615773084","0.23667260615773084","undefined"
"crypto","group-nbeats_crypto_in105_out15_noise_laplace_std0_vsparsity_benchmarking","3g6laiw8","nbeats","nbeats_crypto_in105_out15_noise_laplace_std0_vsparsity_benchmarking_seed1355568","0","0.2018171518768976","0.2018171518768976","undefined"
"undefined","group-naive_martingle_crypto_in15_out15_noise_laplace_std0_vsparsity_benchmarking","lg957d1e","undefined","naive_martingle_crypto_in15_out15_noise_laplace_std0_vsparsity_benchmarking_seed1355570","undefined","0.36578988686869535","0.36578988686869535","undefined"
"crypto","group-deeptime_crypto_in105_out15_noise_laplace_std0_vsparsity_benchmarking","sd9rxuck","deeptime","deeptime_crypto_in105_out15_noise_laplace_std0_vsparsity_benchmarking_seed1355567","0","0.19614057426302145","0.19614057426302145","undefined"
"traffic","group-deeptime_traffic_in672_out96_noise_laplace_std1.0_vsparsity_benchmarking","nccttfyv","deeptime","deeptime_traffic_in672_out96_noise_laplace_std1.0_vsparsity_benchmarking_seed1355520","1","0.16585522987524842","undefined","undefined"
"etth2","group-omp_deeptime_etth2_in288_out96_nonzero105_noise_laplace_std0_vsparsity_benchmarking","6kjkr84h","omp_deeptime","omp_deeptime_etth2_in288_out96_nonzero105_noise_laplace_std0_vsparsity_benchmarking_seed1355525_tol1e-3","0","0.1389034639437279","undefined","undefined"
"etth2","group-deeptime_etth2_in288_out96_noise_laplace_std1.0_vsparsity_benchmarking","atf2agt2","deeptime","deeptime_etth2_in288_out96_noise_laplace_std1.0_vsparsity_benchmarking_seed1355520","1","0.17082725156277287","undefined","undefined"
"undefined","group-naive_martingle_etth2_in96_out96_noise_laplace_std1.0_vsparsity_benchmarking","3cvlw3py","undefined","naive_martingle_etth2_in96_out96_noise_laplace_std1.0_vsparsity_benchmarking_seed1355557","undefined","1.320924205807437","undefined","undefined"
"undefined","group-naive_martingle_traffic_in96_out96_noise_laplace_std1.0_vsparsity_benchmarking","x5y5bzbv","undefined","naive_martingle_traffic_in96_out96_noise_laplace_std1.0_vsparsity_benchmarking_seed1355559","undefined","4.71150344957039","undefined","undefined"
"undefined","group-naive_martingle_etth2_in96_out96_noise_laplace_std0.5_vsparsity_benchmarking","xr1i4bxh","undefined","naive_martingle_etth2_in96_out96_noise_laplace_std0.5_vsparsity_benchmarking_seed1355557","undefined","0.5492968030153446","undefined","undefined"
"undefined","group-naive_martingle_traffic_in96_out96_noise_laplace_std0.5_vsparsity_benchmarking","sux0ibl6","undefined","naive_martingle_traffic_in96_out96_noise_laplace_std0.5_vsparsity_benchmarking_seed1355559","undefined","3.903656079940534","undefined","undefined"
"undefined","group-naive_martingle_etth2_in96_out96_noise_laplace_std0_vsparsity_benchmarking","7m7vk6jj","undefined","naive_martingle_etth2_in96_out96_noise_laplace_std0_vsparsity_benchmarking_seed1355557","undefined","0.2955736907937905","undefined","undefined"
"undefined","group-naive_martingle_traffic_in96_out96_noise_laplace_std0_vsparsity_benchmarking","qav49btq","undefined","naive_martingle_traffic_in96_out96_noise_laplace_std0_vsparsity_benchmarking_seed1355559","undefined","3.627775521956047","undefined","undefined"
"undefined","group-naive_martingle_etth2_in96_out96_noise_laplace_std1.0_vsparsity_benchmarking","fpurggw6","undefined","naive_martingle_etth2_in96_out96_noise_laplace_std1.0_vsparsity_benchmarking_seed1355556","undefined","1.2199807295713618","undefined","undefined"
"undefined","group-naive_martingle_traffic_in96_out96_noise_laplace_std1.0_vsparsity_benchmarking","daoqgupj","undefined","naive_martingle_traffic_in96_out96_noise_laplace_std1.0_vsparsity_benchmarking_seed1355558","undefined","4.6562774458767615","undefined","undefined"
"etth2","group-omp_deeptime_etth2_in288_out96_nonzero105_noise_laplace_std1.0_vsparsity_benchmarking","2i3o6yof","omp_deeptime","omp_deeptime_etth2_in288_out96_nonzero105_noise_laplace_std1.0_vsparsity_benchmarking_seed1355524_tol1e-3","1","0.22677431695680597","undefined","undefined"
"undefined","group-naive_martingle_exchange_rate_in96_out96_noise_laplace_std1.0_vsparsity_benchmarking","o8q0rhcg","undefined","naive_martingle_exchange_rate_in96_out96_noise_laplace_std1.0_vsparsity_benchmarking_seed1355558","undefined","1.1822531255997744","undefined","undefined"
"undefined","group-naive_martingle_etth2_in96_out96_noise_laplace_std0.5_vsparsity_benchmarking","v7sj6lb2","undefined","naive_martingle_etth2_in96_out96_noise_laplace_std0.5_vsparsity_benchmarking_seed1355556","undefined","0.5254333624479196","undefined","undefined"
"undefined","group-naive_martingle_traffic_in96_out96_noise_laplace_std0.5_vsparsity_benchmarking","jlryyuhe","undefined","naive_martingle_traffic_in96_out96_noise_laplace_std0.5_vsparsity_benchmarking_seed1355558","undefined","3.8929927612401976","undefined","undefined"
"undefined","group-naive_martingle_exchange_rate_in96_out96_noise_laplace_std0.5_vsparsity_benchmarking","tmonylve","undefined","naive_martingle_exchange_rate_in96_out96_noise_laplace_std0.5_vsparsity_benchmarking_seed1355558","undefined","0.3563254441061089","undefined","undefined"
"undefined","group-naive_martingle_exchange_rate_in96_out96_noise_laplace_std0_vsparsity_benchmarking","xfitzlix","undefined","naive_martingle_exchange_rate_in96_out96_noise_laplace_std0_vsparsity_benchmarking_seed1355558","undefined","0.08746863624481742","undefined","undefined"
"undefined","group-naive_martingle_etth2_in96_out96_noise_laplace_std0_vsparsity_benchmarking","h257o4nf","undefined","naive_martingle_etth2_in96_out96_noise_laplace_std0_vsparsity_benchmarking_seed1355556","undefined","0.2955736907937905","undefined","undefined"
"undefined","group-naive_martingle_traffic_in96_out96_noise_laplace_std0_vsparsity_benchmarking","u41m5ymk","undefined","naive_martingle_traffic_in96_out96_noise_laplace_std0_vsparsity_benchmarking_seed1355558","undefined","3.627775521956047","undefined","undefined"
"undefined","group-naive_martingle_exchange_rate_in96_out96_noise_laplace_std1.0_vsparsity_benchmarking","0frtfzog","undefined","naive_martingle_exchange_rate_in96_out96_noise_laplace_std1.0_vsparsity_benchmarking_seed1355557","undefined","0.9943970375383172","undefined","undefined"
"etth2","group-deeptime_etth2_in288_out96_noise_laplace_std0.5_vsparsity_benchmarking","7lmgyxik","deeptime","deeptime_etth2_in288_out96_noise_laplace_std0.5_vsparsity_benchmarking_seed1355520","0.5","0.1430070219832991","undefined","undefined"
"undefined","group-naive_martingle_exchange_rate_in96_out96_noise_laplace_std0.5_vsparsity_benchmarking","0kahztpr","undefined","naive_martingle_exchange_rate_in96_out96_noise_laplace_std0.5_vsparsity_benchmarking_seed1355557","undefined","0.3133408003789716","undefined","undefined"
"undefined","group-naive_martingle_etth2_in96_out96_noise_laplace_std1.0_vsparsity_benchmarking","isy6nzqd","undefined","naive_martingle_etth2_in96_out96_noise_laplace_std1.0_vsparsity_benchmarking_seed1355555","undefined","1.3532477411825574","undefined","undefined"
"undefined","group-naive_martingle_traffic_in96_out96_noise_laplace_std1.0_vsparsity_benchmarking","zebb9p2e","undefined","naive_martingle_traffic_in96_out96_noise_laplace_std1.0_vsparsity_benchmarking_seed1355557","undefined","4.607421099181326","undefined","undefined"
"undefined","group-naive_martingle_exchange_rate_in96_out96_noise_laplace_std0_vsparsity_benchmarking","f7dxon1i","undefined","naive_martingle_exchange_rate_in96_out96_noise_laplace_std0_vsparsity_benchmarking_seed1355557","undefined","0.08746863624481742","undefined","undefined"
"undefined","group-naive_martingle_traffic_in96_out96_noise_laplace_std0.5_vsparsity_benchmarking","0tkgc75d","undefined","naive_martingle_traffic_in96_out96_noise_laplace_std0.5_vsparsity_benchmarking_seed1355557","undefined","3.8730077430351986","undefined","undefined"
"undefined","group-naive_martingle_etth2_in96_out96_noise_laplace_std0.5_vsparsity_benchmarking","8piqims9","undefined","naive_martingle_etth2_in96_out96_noise_laplace_std0.5_vsparsity_benchmarking_seed1355555","undefined","0.5608931490548923","undefined","undefined"
"undefined","group-naive_martingle_exchange_rate_in96_out96_noise_laplace_std1.0_vsparsity_benchmarking","hwmun0mr","undefined","naive_martingle_exchange_rate_in96_out96_noise_laplace_std1.0_vsparsity_benchmarking_seed1355556","undefined","1.090610121171167","undefined","undefined"
"undefined","group-naive_martingle_exchange_rate_in96_out96_noise_laplace_std0.5_vsparsity_benchmarking","vbuq8mvs","undefined","naive_martingle_exchange_rate_in96_out96_noise_laplace_std0.5_vsparsity_benchmarking_seed1355556","undefined","0.3434725973896217","undefined","undefined"
"undefined","group-naive_martingle_traffic_in96_out96_noise_laplace_std0_vsparsity_benchmarking","b2hmuqir","undefined","naive_martingle_traffic_in96_out96_noise_laplace_std0_vsparsity_benchmarking_seed1355557","undefined","3.627775521956047","undefined","undefined"
"undefined","group-naive_martingle_etth2_in96_out96_noise_laplace_std0_vsparsity_benchmarking","c1imw9v2","undefined","naive_martingle_etth2_in96_out96_noise_laplace_std0_vsparsity_benchmarking_seed1355555","undefined","0.2955736907937905","undefined","undefined"
"undefined","group-naive_martingle_exchange_rate_in96_out96_noise_laplace_std0_vsparsity_benchmarking","au6ezc4u","undefined","naive_martingle_exchange_rate_in96_out96_noise_laplace_std0_vsparsity_benchmarking_seed1355556","undefined","0.08746863624481742","undefined","undefined"
"etth2","group-deeptime_etth2_in288_out96_noise_laplace_std0_vsparsity_benchmarking","9xdxqole","deeptime","deeptime_etth2_in288_out96_noise_laplace_std0_vsparsity_benchmarking_seed1355520","0","0.12779760920242397","undefined","undefined"
"traffic","group-deeptime_traffic_in672_out96_noise_laplace_std0.5_vsparsity_benchmarking","omd6qs1w","deeptime","deeptime_traffic_in672_out96_noise_laplace_std0.5_vsparsity_benchmarking_seed1355520","0.5","0.13210236718185453","undefined","undefined"
"etth2","group-deeptime_etth2_in288_out96_noise_laplace_std1.0_vsparsity_benchmarking","4aap8zkh","deeptime","deeptime_etth2_in288_out96_noise_laplace_std1.0_vsparsity_benchmarking_seed1355519","1","0.1655692382506567","undefined","undefined"
"traffic","group-nbeats_traffic_in672_out96_noise_laplace_std1.0_vsparsity_benchmarking","tidtlfn5","nbeats","nbeats_traffic_in672_out96_noise_laplace_std1.0_vsparsity_benchmarking_seed1355525","1","0.28696629062470985","undefined","undefined"
"etth2","group-deeptime_etth2_in288_out96_noise_laplace_std0.5_vsparsity_benchmarking","g73cland","deeptime","deeptime_etth2_in288_out96_noise_laplace_std0.5_vsparsity_benchmarking_seed1355519","0.5","0.13829111655576928","undefined","undefined"
"exchange_rate","group-omp_deeptime_exchange_rate_in288_out96_nonzero45_noise_laplace_std1.0_vsparsity_benchmarking","j0jvylg8","omp_deeptime","omp_deeptime_exchange_rate_in288_out96_nonzero45_noise_laplace_std1.0_vsparsity_benchmarking_seed1355527_tol1e-3","1","0.15247426909962894","undefined","undefined"
"traffic","group-nbeats_traffic_in672_out96_noise_laplace_std0.5_vsparsity_benchmarking","zuq33sst","nbeats","nbeats_traffic_in672_out96_noise_laplace_std0.5_vsparsity_benchmarking_seed1355525","0.5","0.18364066050292763","undefined","undefined"
"undefined","group-naive_martingle_exchange_rate_in96_out96_noise_std0_vSlurm_OT","oy0c3aaa","undefined","naive_martingle_exchange_rate_in96_out96_noise_std0_vSlurm_OT_seed0","undefined","0.08746863624481742","undefined","undefined"
"etth2","group-omp_deeptime_etth2_in288_out96_nonzero105_noise_laplace_std0.5_vsparsity_benchmarking","m2j20yab","omp_deeptime","omp_deeptime_etth2_in288_out96_nonzero105_noise_laplace_std0.5_vsparsity_benchmarking_seed1355524_tol1e-3","0.5","0.15975356938284452","undefined","undefined"
"etth2","group-deeptime_etth2_in288_out96_noise_laplace_std0_vsparsity_benchmarking","tqeyh2dw","deeptime","deeptime_etth2_in288_out96_noise_laplace_std0_vsparsity_benchmarking_seed1355519","0","0.12845293163322394","undefined","undefined"
"exchange_rate","group-omp_deeptime_exchange_rate_in288_out96_nonzero45_noise_laplace_std0.5_vsparsity_benchmarking","jy16msr3","omp_deeptime","omp_deeptime_exchange_rate_in288_out96_nonzero45_noise_laplace_std0.5_vsparsity_benchmarking_seed1355527_tol1e-3","0.5","0.12023683034297404","undefined","undefined"
"traffic","group-nbeats_traffic_in672_out96_noise_laplace_std0_vsparsity_benchmarking","hdu3f745","nbeats","nbeats_traffic_in672_out96_noise_laplace_std0_vsparsity_benchmarking_seed1355525","0","0.13875859300558932","undefined","undefined"
"traffic","group-omp_deeptime_traffic_in672_out96_nonzero105_noise_laplace_std0_vsparsity_benchmarking","66nmhuu9","omp_deeptime","omp_deeptime_traffic_in672_out96_nonzero105_noise_laplace_std0_vsparsity_benchmarking_seed1355536_tol1e-3","0","0.1178074540807032","undefined","undefined"
"undefined","group-naive_seasonal_etth2_in96_out96_noise_std0_vSlurm_OT","cylhlxdq","undefined","naive_seasonal_etth2_in96_out96_noise_std0_vSlurm_OT_seed0","undefined","0.1965991450495619","undefined","undefined"
"exchange_rate","group-omp_deeptime_exchange_rate_in288_out96_nonzero45_noise_laplace_std0_vsparsity_benchmarking","iqsmkooj","omp_deeptime","omp_deeptime_exchange_rate_in288_out96_nonzero45_noise_laplace_std0_vsparsity_benchmarking_seed1355527_tol1e-3","0","0.09623055531624408","undefined","undefined"
"etth2","group-nbeats_etth2_in288_out96_noise_laplace_std1.0_vsparsity_benchmarking","qm07c3q5","nbeats","nbeats_etth2_in288_out96_noise_laplace_std1.0_vsparsity_benchmarking_seed1355523","1","0.20923754347965423","undefined","undefined"
"exchange_rate","group-deeptime_exchange_rate_in288_out96_noise_laplace_std1.0_vsparsity_benchmarking","x3lvggb9","deeptime","deeptime_exchange_rate_in288_out96_noise_laplace_std1.0_vsparsity_benchmarking_seed1355521","1","0.1291284973630559","undefined","undefined"
"traffic","group-nbeats_traffic_in672_out96_noise_laplace_std1.0_vsparsity_benchmarking","zw843rzz","nbeats","nbeats_traffic_in672_out96_noise_laplace_std1.0_vsparsity_benchmarking_seed1355524","1","0.28933570401733794","undefined","undefined"
"etth2","group-deeptime_etth2_in288_out96_noise_laplace_std1.0_vsparsity_benchmarking","rcoo0lnt","deeptime","deeptime_etth2_in288_out96_noise_laplace_std1.0_vsparsity_benchmarking_seed1355518","1","0.1643835809274184","undefined","undefined"
"etth2","group-nbeats_etth2_in288_out96_noise_laplace_std0.5_vsparsity_benchmarking","fm27gcl6","nbeats","nbeats_etth2_in288_out96_noise_laplace_std0.5_vsparsity_benchmarking_seed1355523","0.5","0.17193330072152957","undefined","undefined"
"exchange_rate","group-omp_deeptime_exchange_rate_in288_out96_nonzero45_noise_laplace_std1.0_vsparsity_benchmarking","wg6kh2ss","omp_deeptime","omp_deeptime_exchange_rate_in288_out96_nonzero45_noise_laplace_std1.0_vsparsity_benchmarking_seed1355526_tol1e-3","1","0.14018673305434287","undefined","undefined"
"exchange_rate","group-deeptime_exchange_rate_in288_out96_noise_laplace_std0.5_vsparsity_benchmarking","v67c4xgm","deeptime","deeptime_exchange_rate_in288_out96_noise_laplace_std0.5_vsparsity_benchmarking_seed1355521","0.5","0.10232544904009776","undefined","undefined"
"traffic","group-nbeats_traffic_in672_out96_noise_laplace_std0.5_vsparsity_benchmarking","4p3a4ceh","nbeats","nbeats_traffic_in672_out96_noise_laplace_std0.5_vsparsity_benchmarking_seed1355524","0.5","0.19548257686815265","undefined","undefined"
"etth2","group-nbeats_etth2_in288_out96_noise_laplace_std0_vsparsity_benchmarking","j3zc4tog","nbeats","nbeats_etth2_in288_out96_noise_laplace_std0_vsparsity_benchmarking_seed1355523","0","0.15452800315969356","undefined","undefined"
"exchange_rate","group-deeptime_exchange_rate_in288_out96_noise_laplace_std0_vsparsity_benchmarking","phx8196p","deeptime","deeptime_exchange_rate_in288_out96_noise_laplace_std0_vsparsity_benchmarking_seed1355521","0","0.08699972130319403","undefined","undefined"
"exchange_rate","group-omp_deeptime_exchange_rate_in288_out96_nonzero45_noise_laplace_std0.5_vsparsity_benchmarking","92o3vx71","omp_deeptime","omp_deeptime_exchange_rate_in288_out96_nonzero45_noise_laplace_std0.5_vsparsity_benchmarking_seed1355526_tol1e-3","0.5","0.11496146736213388","undefined","undefined"
"etth2","group-nbeats_etth2_in288_out96_noise_laplace_std1.0_vsparsity_benchmarking","ta8ldb34","nbeats","nbeats_etth2_in288_out96_noise_laplace_std1.0_vsparsity_benchmarking_seed1355522","1","0.228217864366801","undefined","undefined"
"exchange_rate","group-deeptime_exchange_rate_in288_out96_noise_laplace_std1.0_vsparsity_benchmarking","6g51nlyf","deeptime","deeptime_exchange_rate_in288_out96_noise_laplace_std1.0_vsparsity_benchmarking_seed1355520","1","0.16535411229327626","undefined","undefined"
"traffic","group-nbeats_traffic_in672_out96_noise_laplace_std0_vsparsity_benchmarking","uu4iglzq","nbeats","nbeats_traffic_in672_out96_noise_laplace_std0_vsparsity_benchmarking_seed1355524","0","0.15156163462621516","undefined","undefined"
"etth2","group-deeptime_etth2_in288_out96_noise_laplace_std0.5_vsparsity_benchmarking","gf2d58uu","deeptime","deeptime_etth2_in288_out96_noise_laplace_std0.5_vsparsity_benchmarking_seed1355518","0.5","0.14147042957842426","undefined","undefined"
"exchange_rate","group-omp_deeptime_exchange_rate_in288_out96_nonzero45_noise_laplace_std0_vsparsity_benchmarking","byg1lw6h","omp_deeptime","omp_deeptime_exchange_rate_in288_out96_nonzero45_noise_laplace_std0_vsparsity_benchmarking_seed1355526_tol1e-3","0","0.09538138393370904","undefined","undefined"
"etth2","group-nbeats_etth2_in288_out96_noise_laplace_std0.5_vsparsity_benchmarking","sypb2i5o","nbeats","nbeats_etth2_in288_out96_noise_laplace_std0.5_vsparsity_benchmarking_seed1355522","0.5","0.21472318778842991","undefined","undefined"
"exchange_rate","group-deeptime_exchange_rate_in288_out96_noise_laplace_std0.5_vsparsity_benchmarking","bnfuzlhp","deeptime","deeptime_exchange_rate_in288_out96_noise_laplace_std0.5_vsparsity_benchmarking_seed1355520","0.5","0.12421297668396272","undefined","undefined"
"traffic","group-nbeats_traffic_in672_out96_noise_laplace_std1.0_vsparsity_benchmarking","94zwh8om","nbeats","nbeats_traffic_in672_out96_noise_laplace_std1.0_vsparsity_benchmarking_seed1355523","1","0.3180667627562507","undefined","undefined"
"exchange_rate","group-nbeats_exchange_rate_in288_out96_noise_laplace_std1.0_vsparsity_benchmarkinggenericFalse","nva6nuhx","nbeats","nbeats_exchange_rate_in288_out96_noise_laplace_std1.0_vsparsity_benchmarkinggenericFalse_seed1355524","1","0.3021801893224606","undefined","undefined"
"etth2","group-nbeats_etth2_in288_out96_noise_laplace_std0_vsparsity_benchmarking","ttnj9j7d","nbeats","nbeats_etth2_in288_out96_noise_laplace_std0_vsparsity_benchmarking_seed1355522","0","0.22160446355745855","undefined","undefined"
"exchange_rate","group-deeptime_exchange_rate_in288_out96_noise_laplace_std0_vsparsity_benchmarking","aabd13l9","deeptime","deeptime_exchange_rate_in288_out96_noise_laplace_std0_vsparsity_benchmarking_seed1355520","0","0.0871792737503652","undefined","undefined"
"exchange_rate","group-nbeats_exchange_rate_in288_out96_noise_laplace_std0.5_vsparsity_benchmarkinggenericFalse","zyl8c4jr","nbeats","nbeats_exchange_rate_in288_out96_noise_laplace_std0.5_vsparsity_benchmarkinggenericFalse_seed1355524","0.5","0.4748753880138037","undefined","undefined"
"exchange_rate","group-omp_deeptime_exchange_rate_in288_out96_nonzero45_noise_laplace_std1.0_vsparsity_benchmarking","jqd706ad","omp_deeptime","omp_deeptime_exchange_rate_in288_out96_nonzero45_noise_laplace_std1.0_vsparsity_benchmarking_seed1355525_tol1e-3","1","0.13917072044270704","undefined","undefined"
"exchange_rate","group-nbeats_exchange_rate_in288_out96_noise_laplace_std0_vsparsity_benchmarkinggenericFalse","f1kqww5x","nbeats","nbeats_exchange_rate_in288_out96_noise_laplace_std0_vsparsity_benchmarkinggenericFalse_seed1355524","0","0.7321795512354917","undefined","undefined"
"etth2","group-nbeats_etth2_in288_out96_noise_laplace_std1.0_vsparsity_benchmarking","jtoky1pd","nbeats","nbeats_etth2_in288_out96_noise_laplace_std1.0_vsparsity_benchmarking_seed1355521","1","0.2022328316751208","undefined","undefined"
"exchange_rate","group-deeptime_exchange_rate_in288_out96_noise_laplace_std1.0_vsparsity_benchmarking","59vu0c1d","deeptime","deeptime_exchange_rate_in288_out96_noise_laplace_std1.0_vsparsity_benchmarking_seed1355519","1","0.1438268224165698","undefined","undefined"
"exchange_rate","group-nbeats_exchange_rate_in288_out96_noise_laplace_std1.0_vsparsity_benchmarkinggenericFalse","yde0brzq","nbeats","nbeats_exchange_rate_in288_out96_noise_laplace_std1.0_vsparsity_benchmarkinggenericFalse_seed1355523","1","0.3395718005182023","undefined","undefined"
"traffic","group-nbeats_traffic_in672_out96_noise_laplace_std0.5_vsparsity_benchmarking","3lwpse21","nbeats","nbeats_traffic_in672_out96_noise_laplace_std0.5_vsparsity_benchmarking_seed1355523","0.5","0.20499524158897456","undefined","undefined"
"exchange_rate","group-nbeats_exchange_rate_in288_out96_noise_laplace_std0.5_vsparsity_benchmarkinggenericFalse","q1d4bpvk","nbeats","nbeats_exchange_rate_in288_out96_noise_laplace_std0.5_vsparsity_benchmarkinggenericFalse_seed1355523","0.5","0.33134034802697376","undefined","undefined"
"exchange_rate","group-omp_deeptime_exchange_rate_in288_out96_nonzero45_noise_laplace_std0.5_vsparsity_benchmarking","nxuuo7fg","omp_deeptime","omp_deeptime_exchange_rate_in288_out96_nonzero45_noise_laplace_std0.5_vsparsity_benchmarking_seed1355525_tol1e-3","0.5","0.11108923247032368","undefined","undefined"
"exchange_rate","group-nbeats_exchange_rate_in288_out96_noise_laplace_std0_vsparsity_benchmarkinggenericFalse","94ykuvae","nbeats","nbeats_exchange_rate_in288_out96_noise_laplace_std0_vsparsity_benchmarkinggenericFalse_seed1355523","0","0.3479396537117345","undefined","undefined"
"etth2","group-nbeats_etth2_in288_out96_noise_laplace_std0.5_vsparsity_benchmarking","i1cjeu51","nbeats","nbeats_etth2_in288_out96_noise_laplace_std0.5_vsparsity_benchmarking_seed1355521","0.5","0.17490858169145007","undefined","undefined"
"exchange_rate","group-deeptime_exchange_rate_in288_out96_noise_laplace_std0.5_vsparsity_benchmarking","h2vckxzz","deeptime","deeptime_exchange_rate_in288_out96_noise_laplace_std0.5_vsparsity_benchmarking_seed1355519","0.5","0.11162528133779132","undefined","undefined"
"exchange_rate","group-nbeats_exchange_rate_in288_out96_noise_laplace_std1.0_vsparsity_benchmarkinggenericFalse","1bvnvpdg","nbeats","nbeats_exchange_rate_in288_out96_noise_laplace_std1.0_vsparsity_benchmarkinggenericFalse_seed1355522","1","0.33652013902727973","undefined","undefined"
"exchange_rate","group-nbeats_exchange_rate_in288_out96_noise_laplace_std0.5_vsparsity_benchmarkinggenericFalse","pibhle3s","nbeats","nbeats_exchange_rate_in288_out96_noise_laplace_std0.5_vsparsity_benchmarkinggenericFalse_seed1355522","0.5","0.1814342856760905","undefined","undefined"
"exchange_rate","group-omp_deeptime_exchange_rate_in288_out96_nonzero45_noise_laplace_std0_vsparsity_benchmarking","0dt98q3x","omp_deeptime","omp_deeptime_exchange_rate_in288_out96_nonzero45_noise_laplace_std0_vsparsity_benchmarking_seed1355525_tol1e-3","0","0.08901473503058584","undefined","undefined"
"etth2","group-omp_deeptime_etth2_in288_out96_nonzero105_noise_laplace_std0_vsparsity_benchmarking","7i15ar86","omp_deeptime","omp_deeptime_etth2_in288_out96_nonzero105_noise_laplace_std0_vsparsity_benchmarking_seed1355524_tol1e-3","0","0.1342007301121334","undefined","undefined"
"exchange_rate","group-deeptime_exchange_rate_in288_out96_noise_laplace_std0_vsparsity_benchmarking","8clscov9","deeptime","deeptime_exchange_rate_in288_out96_noise_laplace_std0_vsparsity_benchmarking_seed1355519","0","0.08679235283714129","undefined","undefined"
"exchange_rate","group-nbeats_exchange_rate_in288_out96_noise_laplace_std0_vsparsity_benchmarkinggenericFalse","9bic29r2","nbeats","nbeats_exchange_rate_in288_out96_noise_laplace_std0_vsparsity_benchmarkinggenericFalse_seed1355522","0","0.3424495828761328","undefined","undefined"
"traffic","group-nbeats_traffic_in672_out96_noise_laplace_std0_vsparsity_benchmarking","lz909xg8","nbeats","nbeats_traffic_in672_out96_noise_laplace_std0_vsparsity_benchmarking_seed1355523","0","0.14660350095497432","undefined","undefined"
"traffic","group-deeptime_traffic_in672_out96_noise_laplace_std0_vsparsity_benchmarking","pzojf8ll","deeptime","deeptime_traffic_in672_out96_noise_laplace_std0_vsparsity_benchmarking_seed1355520","0","0.11608340864425395","undefined","undefined"
"etth2","group-deeptime_etth2_in288_out96_noise_laplace_std0_vsparsity_benchmarking","t9n0dg4o","deeptime","deeptime_etth2_in288_out96_noise_laplace_std0_vsparsity_benchmarking_seed1355518","0","0.13068870171154692","undefined","undefined"
"etth2","group-nbeats_etth2_in288_out96_noise_laplace_std0_vsparsity_benchmarking","ymnkjpik","nbeats","nbeats_etth2_in288_out96_noise_laplace_std0_vsparsity_benchmarking_seed1355521","0","0.14280594107053768","undefined","undefined"